"work_site_id","location_id","work_site_source_value","address_1","address_2","city","state","zip","county","location_source_value"
50001,40001,"AAC",,,"Independence","OH",,,"US AAC Independence,Ohio"
50002,40002,"AAY",,,"Arkadelphia","AR",,,"US AAY Arkadelphia, AR"
50003,40003,"ABY",,,"Arkadelphia","AR",,,"US ABY Arkadelphia, AR"
50004,40004,"ACU",,,"Acuna",,,,"US ACU Acuna, Mexico"
50005,40005,"ADD",,,"Addy","WA",,,"US ADD Addy, Washington"
50006,40006,"ADM",,,"El Paso","TX",,,"US ADM El Paso, Texas"
50007,40007,"AFN",,,"Afton","NY",,,"US AFN Afton, New York"
50008,40008,"AGA",,,"Alpharetta","GA",,,"US AGA Alpharetta, Georgia"
50009,40009,"AGH",,,"Atlanta","GA",,,"US AGH Atlanta,Georgia"
50010,40010,"AGX",,,"Atlanta","GA",,,"US AGX Atlanta, Georgia"
50011,40011,"AGY",,,"Atlanta","GA",,,"US AGY Atlanta, Georgia"
50012,40012,"AIY",,,"Auburn","IN",,,"US AIY Auburn, Indiana"
50013,40013,"AJY",,,"Avenel","NJ",,,"US AJY Avenel, New Jersey"
50014,40014,"AKY",,,"Amersham",,,,"US AKY Amersham, GBR"
50015,40015,"ALC",,,,"TN",,,"US ALC Alcoa, Tennessee"
50016,40016,"ALI",,,"Alicante",,,,"US ALI Alicante, Spain"
50017,40017,"ALP",,,"Alpharetta","GA",,,"US ALP Alpharetta, Georgia"
50018,40018,"ALQ",,,,,,,"US ALQ Retiree Default-Aliquant"
50019,40019,"ALS",,,"Allentown","PA",,,"US ALS Allentown, Pennsylvania"
50020,40020,"ALT",,,"Alta Loma","CA",,,"US ALT Alta Loma, California"
50021,40021,"AMO",,,"Amorebieta",,,,"US AMO Amorebieta, Spain"
50022,40022,"AMY",,,"Amityville","NY",,,"US AMY Amityville, New York"
50023,40023,"ANG",,,"Anglesea",,,,"US ANG Anglesea,Victoria,Australia"
50024,40024,"APK",,,"Altoona","PA",,,"US APK Altoona, Pennsylvania"
50025,40025,"APV",,,"Alphaville",,,,"US APV Alphaville, Brazil"
50026,40026,"ARY",,,"Armonk","NY",,,"US ARY Armonk, New York"
50027,40027,"ATC",,,,"PA",,,"US ATC Alcoa Center, Pennsylvania"
50028,40028,"ATL",,,"Atlanta","GA",,,"US ATL Atlanta, Georgia"
50029,40029,"ATY",,,"Atlanta","GA",,,"US ATY Atlanta, Georgia"
50030,40030,"AUB",,,"Auburn","WA",,,"US AUB Auburn, Washington"
50031,40031,"AUX",,,"Atlanta","GA",,,"US AUX Atlanta Service Center"
50032,40032,"AUY",,,"Austell","GA",,,"US AUY Austell, Georgia"
50033,40033,"AVS",,,"Aviles",,,,"US AVS Aviles, Spain"
50034,40034,"AVY",,,"Ashland","VA",,,"US AVY Ashland, Virginia"
50035,40035,"AWP",,,"Appleton","WI",,,"US AWP Appleton, Wisconsin"
50036,40036,"AXY",,,"Ashland","VA",,,"US AXY Ashland, Virginia"
50037,40037,"BAD",,,"Badin","NC",,,"US BAD Badin, North Carolina"
50038,40038,"BAL",,,"Baltimore","MD",,,"US BAL Baltimore, Maryland"
50039,40039,"BAN",,,"Banbury",,,,"US BAN Banbury, United Kingdom"
50040,40040,"BAR",,,"Barcelona",,,,"US BAR Barcelona, Spain"
50041,40041,"BAU",,,"Bauxite","AR",,,"US BAU Bauxite, Arkansas"
50042,40042,"BAX",,,"Bauxite","AR",,,"US BAX Bauxite, Arkansas"
50043,40043,"BAY",,,"Bauxite","AR",,,"US BAY Bauxite, Arkansas"
50044,40044,"BCH",,,"Branford","CT",,,"US BCH Branford, Conneticut"
50045,40045,"BCU",,,"Brigham City","UT",,,"US BCU Brigham City, Utah"
50046,40046,"BCX",,,"Billerica","MA",,,"US BCX Billerica, Massachusetts"
50047,40047,"BCY",,,"Beacon Falls","CT",,,"US BCY Beacon Falls, Connecticut"
50048,40048,"BEC",,,"Becancour",,,,"US BEC Becancour, Quebec, Canada"
50049,40049,"BEI",,,"Beijing",,,,"US BEI Beijing, China"
50050,40050,"BFY",,,"Bradenton","FL",,,"US BFY Bradenton, Florida"
50051,40051,"BIE",,,"Birmingham",,,,"US BIE Birmingham, England"
50052,40052,"BIX",,,"Bristol","IN",,,"US BIX Bristol, Indiana"
50053,40053,"BIY",,,"Birmingham","AL",,,"US BIY Birmingham, Alabama"
50054,40054,"BKR",,,"Belaya Kalitva",,,,"US BKR Belaya Kalitva, Russia"
50055,40055,"BLT",,,"Burlington","VT",,,"US BLT Burlington, Vermont"
50056,40056,"BLY",,,"Baton Rouge","LA",,,"US BLY Baton Rouge, Louisiana"
50057,40057,"BLZ",,,"Bolzano",,,,"US BLZ Bolzano, Italy"
50058,40058,"BMY",,,"Battle Creek","MI",,,"US BMY Battle Creek, Michigan"
50059,40059,"BNH",,,"Belmont","NH",,,"US BNH Belmont, New Hampshire"
50060,40060,"BNY",,,"Burlingame","CA",,,"US BNY Burlingame, California"
50061,40061,"BOH",,,"Blue Ash","OH",,,"US BOH Blue Ash, Ohio"
50062,40062,"BOO",,,"Booragoon",,,,"US BOO Booragoon, Australia"
50063,40063,"BOS",,,"Boston","MA",,,"US BOS Boston, Massachusetts"
50064,40064,"BPH",,,"Bethlehem","PA",,,"US BPH Bethlehem, Pennsylvania"
50065,40065,"BPX",,,"Bloomsburg","PA",,,"US BPX Bloomsburg, Pennsylvania"
50066,40066,"BPY",,,"Bala-Cynwd","PA",,,"US BPY Bala-Cynwd, Pennsylvania"
50067,40067,"BQY",,,"Baie-Comeau",,,,"US BQY Baie-Comeau, Canada"
50068,40068,"BRB",,,"Barberton","OH",,,"US BRB Barberton, Ohio"
50069,40069,"BRJ",,,"Itajuba",,,,"US BRJ Itajuba, Brazil"
50070,40070,"BRX",,,"Brussels",,,,"US BRX Brussels, Belgium"
50071,40071,"BRY",,,"Bristol","VA",,,"US BRY Bristol, Virginia"
50072,40072,"BTW",,,"Brentwood","TN",,,"US BTW Brentwood, Tennessee"
50073,40073,"BTX",,,"Jessup","MD",,,"US BTX Jessup, Maryland"
50074,40074,"BTY",,,"Bridgeport","CT",,,"US BTY Bridgeport, Connecticut"
50075,40075,"BUA",,,"Buenos Aires",,,,"US BUA Buenos Aires, Argentina"
50076,40076,"BUK",,,,,,,"US BUK Retiree Default - Buck"
50077,40077,"BUL",,,,,,,"US BUL Bulgaria"
50078,40078,"BVY",,,"Broadview Heights","OH",,,"US BVY Broadview Heights, Ohio"
50079,40079,"BWI",,,"Beloit","WI",,,"US BWI Beloit, Wisconsin"
50080,40080,"BWY",,,"Beloit","WI",,,"US BWY Beloit, Wisconsin"
50081,40081,"CAC",,,"Carmel","IN",,,"US CAC Carmel, Indiana"
50082,40082,"CAE",,,"Cairo",,,,"US CAE Cairo, Egypt"
50083,40083,"CBY",,,"Cumberland","RI",,,"US CBY Cumberland,Rhode Island"
50084,40084,"CCH",,,"City of Industry","CA",,,"US CCH City of Industry, California"
50085,40085,"CCK",,,"Carson","CA",,,"US CCK Carson, California"
50086,40086,"CCR",,,"Chisineu-Cris",,,,"US CCR Chisineu-Cris, Romania"
50087,40087,"CCY",,,"Cincinnati","OH",,,"US CCY Cincinnati, Ohio"
50088,40088,"CDL",,,"Chandler","AZ",,,"US CDL Chandler, Arizona"
50089,40089,"CDX",,,"Carlstadt","NJ",,,"US CDX Carlstadt, New Jersey"
50090,40090,"CEX",,,"Charlotte","NC",,,"US CEX Charlotte, North Carolina"
50091,40091,"CFL",,,"Cleveland","OH",,,"US CFL Cleveland, Ohio"
50092,40092,"CFV",,,"Crawfordsville","IN",,,"US CFV Crawfordsville, Indiana"
50093,40093,"CGE",,,"Cologne",,,,"US CGE Cologne, Germany"
50094,40094,"CGY",,,"Conakry",,,,"US CGY Conakry, Guinea"
50095,40095,"CHI",,,"Chicago","IL",,,"US CHI Chicago, Illinois"
50096,40096,"CHN",,,"Charlotte","NC",,,"US CHN Charlotte, North Carolina"
50097,40097,"CHP",,,"Chicago","IL",,,"US CHP Chicago, Illinois"
50098,40098,"CHW",,,"Changwon",,,,"US CHW Changwon, South Korea"
50099,40099,"CHX",,,"Chicago","IL",,,"US CHX Chicago, Illinois"
50100,40100,"CHY",,,"Charlotte","NC",,,"US CHY Charlotte, North Carolina"
50101,40101,"CIN",,,"Cincinnati","OH",,,"US CIN Cincinnati, Ohio"
50102,40102,"CJC",,,"Kunshan, Jiangsu",,,,"US CJC Kunshan, Jiangsu, China"
50103,40103,"CJY",,,"Chatham","NJ",,,"US CJY Chatham, New Jersey"
50104,40104,"CLC",,,"Chillicothe","OH",,,"US CLC Chillicothe, Ohio"
50105,40105,"CLE",,,"Cleveland","OH",,,"US CLE Cleveland, Ohio"
50106,40106,"CLH",,,"Cleveland","OH",,,"US CLH Cleveland, Ohio"
50107,40107,"CLI",,,"Clarion","PA",,,"US CLI Clarion, Pennsylvania"
50108,40108,"CLR",,,"Clarendon, Jamaica",,,,"US CLR Clarendon, Jamaica, Wi"
50109,40109,"CLS",,,"Columbus","OH",,,"US CLS Columbus, Ohio"
50110,40110,"CLX",,,"Cleveland","OH",,,"US CLX Cleveland, Ohio"
50111,40111,"CLY",,,"Clarksville","IN",,,"US CLY Clarksville, Indiana"
50112,40112,"CMY",,,"Chesterfield","MO",,,"US CMY Chesterfield, Missouri"
50113,40113,"CNC",,,"Charlotte","NC",,,"US CNC Charlotte, North Carolina"
50114,40114,"CNI",,,"Cincinnati","OH",,,"US CNI Cincinnati, Ohio"
50115,40115,"COA",,,"City of Industry","CA",,,"US COA City of Industry, California"
50116,40116,"COH",,,"Canton","OH",,,"US COH Canton, Ohio"
50117,40117,"COP",,,"Pittsburgh","PA",,,"US COP Pittsburgh, Pennsylvania"
50118,40118,"COY",,,"Cincinnati","OH",,,"US COY Cincinnati, Ohio"
50119,40119,"CPP",,,,,,,"US CPP Corporate Payroll Services"
50120,40120,"CRA",,,"Cramorton","NC",,,"US CRA Cramorton, North Carolina"
50121,40121,"CRE",,,"Cressona","PA",,,"US CRE Cressona, Pennsylvania"
50122,40122,"CRL",,,"Coral Gables","FL",,,"US CRL Coral Gables, Florida"
50123,40123,"CRX",,,"Cressona","PA",,,"US CRX Cressona,Pennsylvania"
50124,40124,"CRY",,,"Charlotte","NC",,,"US CRY Charlotte,North Carolina"
50125,40125,"CSI",,,"Cartago",,,,"US CSI Cartago, Costa Rica"
50126,40126,"CSY",,,"Columbus","OH",,,"US CSY Columbus, Ohio"
50127,40127,"CTP",,,"Carrollton","TX",,,"US CTP Carrollton, Texas"
50128,40128,"CTX",,,"Catawba","NC",,,"US CTX Catawba,North Carolina"
50129,40129,"CWY",,,"Collingwood",,,,"US CWY Collingwood, Ontario"
50130,40130,"CXY",,,"Charlotte","NC",,,"US CXY Charlotte, North Carolina"
50131,40131,"DAL",,,"Dallas","TX",,,"US DAL Dallas, Texas"
50132,40132,"DAN",,,"Danville","IL",,,"US DAN Danville, Illinois"
50133,40133,"DAV",,,"Davenport","IA",,,"US DAV Davenport, Iowa"
50134,40134,"DBN",,,"Farmington Hills","MI",,,"US DBN Farmington Hills, Michigan"
50135,40135,"DBT",,,"Deschambault",,,,"US DBT Deschambault, Canada"
50136,40136,"DCH",,,"Darien","CT",,,"US DCH Darien, Connecticut"
50137,40137,"DEL",,,"Delhi","LA",,,"US DEL Delhi, Louisiana"
50138,40138,"DEN",,,"Denver","CO",,,"US DEN Denver, Colorado"
50139,40139,"DET",,,"Detroit","MI",,,"US DET Detroit, Michigan"
50140,40140,"DEX",,,"Denver","CO",,,"US DEX Denver, Colorado"
50141,40141,"DGY",,,"Duluth","GA",,,"US DGY Duluth, Georgia"
50142,40142,"DIV",,,"Dives",,,,"US DIV Dives, France"
50143,40143,"DJY",,,"Dover","NJ",,,"US DJY Dover, New Jersey"
50144,40144,"DKY",,,"Dayton","KY",,,"US DKY Dayton, Kentucky"
50145,40145,"DLT",,,"Dalton","GA",,,"US DLT Dalton, Georgia"
50146,40146,"DLY",,,"Dallas","TX",,,"US DLY Dallas, Texas"
50147,40147,"DMX",,,"Detroit","MI",,,"US DMX Detroit, Michigan"
50148,40148,"DND",,,"Dundalk",,,,"US DND Dundalk, Ireland"
50149,40149,"DNH",,,"Dover","NJ",,,"US DNH Dover, New Jersey"
50150,40150,"DNS",,,"Denison","TX",,,"US DNS Denison, Texas"
50151,40151,"DPM",,,"Englewood","CO",,,"US DPM Englewood, Colorado"
50152,40152,"DPY",,,"Downingtown",,,,"US DPY Downingtown, PA"
50153,40153,"DRH",,,"Del Rio","TX",,,"US DRH Del Rio, Texas"
50154,40154,"DRT",,,"Del Rio","TX",,,"US DRT Del Rio, Texas"
50155,40155,"DRU",,,"Drunen",,,,"US DRU Drunen, The Netherlands"
50156,40156,"DUB",,,"Dublin",,,,"US DUB Dublin, Ireland"
50157,40157,"DVX",,,,,,,"US DVX Divested LocCorp Use Only"
50158,40158,"DVY",,,"Dallas","TX",,,"US DVY Dallas, Texas"
50159,40159,"ECH",,,"East Hartford","CT",,,"US ECH East Hartford, Connecticut"
50160,40160,"EDI",,,"Edison","NJ",,,"US EDI Edison, New Jersey"
50161,40161,"EEH",,,"Exeter",,,,"US EEH Exeter, England"
50162,40162,"EFY",,,"Evron",,,,"US EFY Evron, France"
50163,40163,"EGY",,,"Eastman","GA",,,"US EGY Eastman, Georgia"
50164,40164,"EHY",,,"Ewa Beach","HI",,,"US EHY Ewa Beach, Hawaii"
50165,40165,"EIK",,,"Elk Grove Village","IL",,,"US EIK Elk Grove Village, Illinois"
50166,40166,"EIY",,,"Elgin","IL",,,"US EIY Elgin, Illinois"
50167,40167,"EKF",,,"Eragny",,,,"US EKF Eragny,France"
50168,40168,"ELD",,,"Elide","OH",,,"US ELD Elide, Ohio"
50169,40169,"EMP",,,"Owosso","MI",,,"US EMP Owosso, Michigan"
50170,40170,"ENG",,,"Englewood","CO",,,"US ENG Englewood, Colorado"
50171,40171,"ENS",,,"Ensenada",,,,"US ENS Ensenada, Mexico"
50172,40172,"ENY",,,"East Hanover","NJ",,,"US ENY East Hanover, New Jersey"
50173,40173,"EOY",,,"Elyria","OH",,,"US EOY Elyria, Ohio"
50174,40174,"EPC",,,"El Paso","TX",,,"US EPC El Paso,Texas"
50175,40175,"EPY",,,"Exton","PA",,,"US EPY Exton, Pennsylvania"
50176,40176,"ESS",,,"Esslingen",,,,"US ESS Esslingen, Germany"
50177,40177,"ETX",,,"Elizabethton","TN",,,"US ETX Elizabethton,Tennessee"
50178,40178,"EVY",,,"Elk Grove Village","IL",,,"US EVY Elk Grove Village, Illinois"
50179,40179,"EYY",,,"Enniscorthy",,,,"US EYY Enniscorthy, Ireland"
50180,40180,"FDM",,,"Frederick","MD",,,"US FDM Frederick, Maryland"
50181,40181,"FEY",,,"Ferrara",,,,"US FEY Ferrara, Italy"
50182,40182,"FFY",,,"Ft Lauderdale","FL",,,"US FFY Ft Lauderdale, Florida"
50183,40183,"FHN",,,"Frickenhausen",,,,"US FHN Frickenhausen, Germany"
50184,40184,"FHV",,,"Fair Haven","NJ",,,"US FHV Fair Haven, New Jersey"
50185,40185,"FIX",,,"Franklin","IN",,,"US FIX Franklin, Indiana"
50186,40186,"FLY",,," Florence","KY",,,"US FLY  Florence, Kentucky"
50187,40187,"FMX",,,"Frederick","MD",,,"US FMX Frederick, Maryland"
50188,40188,"FMY",,,"Framingham","MA",,,"US FMY Framingham, Massachusetts"
50189,40189,"FRK",,,"Frankfurt",,,,"US FRK Frankfurt, Germany"
50190,40190,"FRU",,,"Fruitport","MI",,,"US FRU Fruitport, Michigan"
50191,40191,"FRX",,,"Fairburn","GA",,,"US FRX Fairburn, Georgia"
50192,40192,"FSI",,,"Fossanova",,,,"US FSI Fossanova, Italy"
50193,40193,"FTM",,,"Fort Meade","FL",,,"US FTM Fort Meade, Florida"
50194,40194,"FTN",,,"Franklin","TN",,,"US FTN Franklin,Tennessee"
50195,40195,"FTY",,,"Franklin","TN",,,"US FTY Franklin, Tennessee"
50196,40196,"FUL",,,"Fullerton","CA",,,"US FUL Fullerton,California"
50197,40197,"FUN",,,"Fullerton","CA",,,"US FUN Fullerton,California"
50198,40198,"FUS",,,"Fusina",,,,"US FUS Fusina, Italy"
50199,40199,"FWX",,,"Ferndale","WA",,,"US FWX Ferndale, Washington"
50200,40200,"FYY",,,"Fulton","NY",,,"US FYY Fulton, New York"
50201,40201,"GAF",,,"Gaffney","SC",,,"US GAF Gaffney, South Carolina"
50202,40202,"GAT",,,"Gatlinburg","TN",,,"US GAT Gatlinburg,Tennessee"
50203,40203,"GCX",,,"Goose Creek","SC",,,"US GCX Goose Creek, South Carolina"
50204,40204,"GCY",,,"Glendale","CA",,,"US GCY Glendale, California"
50205,40205,"GDY",,,"Grand Rapids","MI",,,"US GDY Grand Rapids, Michigan"
50206,40206,"GEN",,,"Geneva",,,,"US GEN Geneva, Switzerland"
50207,40207,"GEY",,,"Grant Park","IL",,,"US GEY Grant Park, Illinois"
50208,40208,"GFY",,,"Grove City","PA",,,"US GFY Grove City,Pennsylvania"
50209,40209,"GGY",,,"Georgetown",,,,"US GGY Georgetown, Guyana"
50210,40210,"GHY",,,"Grant Park","IL",,,"US GHY Grant Park, Illinois"
50211,40211,"GIY",,,"Glenview","IL",,,"US GIY Glenview, Illinois"
50212,40212,"GLV",,,"Goodlettsville","TN",,,"US GLV Goodlettsville, Tennessee"
50213,40213,"GNS",,,"Goose Creek","SC",,,"US GNS Goose Creek, South Carolina"
50214,40214,"GPY",,,"Gilbertsville","PA",,,"US GPY Gilbertsville, Pennsylvania"
50215,40215,"GRM",,,"Graham","NC",,,"US GRM Graham, North Carolina"
50216,40216,"GRY",,,"Gregory","TX",,,"US GRY Gregory, Texas"
50217,40217,"GSX",,,"Greenwood","IN",,,"US GSX Greenwood, Indiana"
50218,40218,"GTS",,,"Traverse City","MI",,,"US GTS Traverse City, Michigan"
50219,40219,"GTY",,,"Grand Prairie","TX",,,"US GTY Grand Prairie, Texas"
50220,40220,"GVY",,,"Grottoes","VA",,,"US GVY Grottoes, Virginia"
50221,40221,"GXY",,,"Greensboro","NC",,,"US GXY Greensboro, North Carolina"
50222,40222,"HAC",,,"Hangzhou",,,,"US HAC Hangzhou, China"
50223,40223,"HAR",,,"Harderwijk",,,,"US HAR Harderwijk, The Netherlands"
50224,40224,"HAY",,,"Hayward","CA",,,"US HAY Hayward, California"
50225,40225,"HCY",,,"Hartford","CT",,,"US HCY Hartford, Connecticut"
50226,40226,"HED",,,"Hedges",,,,"US HED Hedges, Western Australia"
50227,40227,"HIG",,,"Hildesheim",,,,"US HIG Hildesheim,Germany"
50228,40228,"HKO",,,"Hong Kong",,,,"US HKO Hong Kong, China"
50229,40229,"HKY",,,"Hawesville","KY",,,"US HKY Hawesville, Kentucky"
50230,40230,"HMX",,,"Hernando","MS",,,"US HMX Hernando, Mississippi"
50231,40231,"HNR",,,"Hanover",,,,"US HNR Hanover, Germany"
50232,40232,"HNY",,,"Houston","TX",,,"US HNY Houston, Texas"
50233,40233,"HOT",,,"Houston","TX",,,"US HOT Houston, Texas"
50234,40234,"HOU",,,"Houston","TX",,,"US HOU Houston, Texas"
50235,40235,"HPY",,,"Hatboro","PA",,,"US HPY Hatboro, Pennsylvania"
50236,40236,"HRZ",,,"Herzebrock",,,,"US HRZ Herzebrock, Germany"
50237,40237,"HSV",,,"Hawesville","KY",,,"US HSV Hawesville, Kentucky"
50238,40238,"HSY",,,"Hot Springs","AR",,,"US HSY Hot Springs, Arkansas"
50239,40239,"HTH",,,"Hillsboro","TX",,,"US HTH Hillsboro, Texas"
50240,40240,"HTY",,,"Houston","TX",,,"US HTY Houston, Texas"
50241,40241,"HUN",,,"Huntly",,,,"US HUN Huntly, Western Australia"
50242,40242,"HUS",,,"Houston","MS",,,"US HUS Houston, Mississippi"
50243,40243,"HUT",,,"Hutchinson","KS",,,"US HUT Hutchinson, Kansas"
50244,40244,"HUX",,,"Houston","TX",,,"US HUX Houston, Texas"
50245,40245,"HVH",,,"Hampton","VA",,,"US HVH Hampton, Virginia"
50246,40246,"HVX",,,"Harrisonburg","VA",,,"US HVX Harrisonburg,Virginia"
50247,40247,"HZY",,,"Hazleton","PA",,,"US HZY Hazleton,Pennsylvania"
50248,40248,"ICA",,,"Irvine","CA",,,"US ICA Irvine, Caalifornia"
50249,40249,"IDN",,,"Indianapolis","IN",,,"US IDN Indianapolis, Indiana"
50250,40250,"IJH",,,"Ishikawa",,,,"US IJH Ishikawa, Japan"
50251,40251,"ILN",,,"Iserlohn",,,,"US ILN Iserlohn,Germany"
50252,40252,"IND",,,"Indianapolis","IN",,,"US IND Indianapolis, Indiana"
50253,40253,"IRS",,,"Irurtzun",,,,"US IRS Irurtzun, Spain"
50254,40254,"IRV",,,"Irvine","CA",,,"US IRV Irvine, California"
50255,40255,"ITA",,,"Itapissuma",,,,"US ITA Itapissuma, Brazil"
50256,40256,"ITS",,,"Itasca","IL",,,"US ITS Itasca, Illinois"
50257,40257,"IVX",,,"Irving Dallas","TX",,,"US IVX Irving Dallas, Texas"
50258,40258,"JAK",,,"Jacksonville","FL",,,"US JAK Jacksonville, Flordia"
50259,40259,"JFY",,,"Jacksonville","FL",,,"US JFY Jacksonville, Florida"
50260,40260,"JGX",,,"Jonesboro","GA",,,"US JGX Jonesboro, Georgia"
50261,40261,"KAM",,,"Kamsar",,,,"US KAM Kamsar, Rep Of Guinea"
50262,40262,"KAX",,,"Kansas City","MO",,,"US KAX Kansas City, Missouri"
50263,40263,"KGE",,,"Kitts Green",,,,"US KGE Kitts Green,England"
50264,40264,"KIN",,,"Kingston",,,,"US KIN Kingston, Jamaica, Wi"
50265,40265,"KIT",,,"Kilgore","TX",,,"US KIT Kilgore,Texas"
50266,40266,"KMY",,,"Kansas City","MO",,,"US KMY Kansas City, Missouri"
50267,40267,"KNK",,,"Kingston","NY",,,"US KNK Kingston, New York"
50268,40268,"KNO",,,"Knoxville","TN",,,"US KNO Knoxville, Tennessee"
50269,40269,"KNX",,,"Knoxville","TN",,,"US KNX Knoxville, Tennessee"
50270,40270,"KWI",,,"Kwinana",,,,"US KWI Kwinana, Wa, Australia"
50271,40271,"KWY",,,"Kent","WA",,,"US KWY Kent, Washington"
50272,40272,"LAC",,,"Lancaster","PA",,,"US LAC Lancaster, Pennsylvania"
50273,40273,"LAF",,,"Lafayette","IN",,,"US LAF Lafayette, Indiana"
50274,40274,"LAU",,,"Lausanne",,,,"US LAU Lausanne, Switzerland"
50275,40275,"LBY",,,"Lincolnshire","IL",,,"US LBY Lincolnshire, Illinois"
50276,40276,"LCH",,,"Laval",,,,"US LCH Laval, Canada"
50277,40277,"LCS",,,"La Coruna",,,,"US LCS La Coruna, Spain"
50278,40278,"LDY",,,"Lompoc","CA",,,"US LDY Lompoc, California"
50279,40279,"LEB",,,"Lebanon","PA",,,"US LEB Lebanon, Pennsylvania"
50280,40280,"LEE",,,"Leetsdale","PA",,,"US LEE Leetsdale, Pennsylvania"
50281,40281,"LEY",,,"Lincolnshire","IL",,,"US LEY Lincolnshire, Illinois"
50282,40282,"LEZ",,,"Lezat",,,,"US LEZ Lezat, France"
50283,40283,"LGY",,,"Louisville","KY",,,"US LGY Louisville, Kentucky"
50284,40284,"LIH",,,"Laporte","IN",,,"US LIH Laporte, Indiana"
50285,40285,"LIY",,,"Livonia","MI",,,"US LIY Livonia, Michigan"
50286,40286,"LKY",,,"Lexington","KY",,,"US LKY Lexington, Kentucky"
50287,40287,"LLY",,,"Lake Charles","LA",,,"US LLY Lake Charles, Louisiana"
50288,40288,"LMK",,,"Livonia","MI",,,"US LMK Livonia, Michigan"
50289,40289,"LMY",,,"Livermore","CA",,,"US LMY Livermore, California"
50290,40290,"LNX",,,"Lancaster","PA",,,"US LNX Lancaster,Pennsylvania"
50291,40291,"LON",,,"London",,,,"US LON London, England"
50292,40292,"LOS",,,"Los Angeles","CA",,,"US LOS Los Angeles, California"
50293,40293,"LOY",,,"Louisville","KY",,,"US LOY Louisville, Kentucky"
50294,40294,"LPY",,,"Los Angeles","CA",,,"US LPY Los Angeles, California"
50295,40295,"LRY",,,"Los Angeles","CA",,,"US LRY Los Angeles, California"
50296,40296,"LST",,,"Lista",,,,"US LST Lista, Norway"
50297,40297,"LSX",,,"Jeffersontown","KY",,,"US LSX Jeffersontown, Kentucky"
50298,40298,"LSY",,,"Los Angeles","CA",,,"US LSY Los Angeles, California"
50299,40299,"LUD",,,"Ludwigshafen",,,,"US LUD Ludwigshafen, Germany"
50300,40300,"LUP",,,"Lewiston","UT",,,"US LUP Lewiston, Utah Presto"
50301,40301,"LUY",,,"Louisville","KY",,,"US LUY Louisville, Kentucky"
50302,40302,"LVY",,,"Lebanon","VA",,,"US LVY Lebanon, Virginia"
50303,40303,"LWP",,,"Little Chute","WI",,,"US LWP Little Chute,Wisconsin"
50304,40304,"LWY",,,"Longview","WA",,,"US LWY Longview, Washington"
50305,40305,"LXY",,,"Louisville","KY",,,"US LXY Louisville, Kentucky Plt #1"
50306,40306,"LYE",,,"Leyland",,,,"US LYE Leyland, England"
50307,40307,"LYU",,,"Lyubuchany",,,,"US LYU Lyubuchany, Russia"
50308,40308,"LYY",,,"Louisville","KY",,,"US LYY Louisville, Kentucky Plt #15"
50309,40309,"M3Y",,,"Muscle Shoals","AL",,,"US M3Y Muscle Shoals  Alabama"
50310,40310,"M4Y",,,"Muscle Shoals","AL",,,"US M4Y Muscle Shoals, AlabamaAlloys"
50311,40311,"MAD",,,"Madrid",,,,"US MAD Madrid, Spain"
50312,40312,"MAI",,,"Marcon",,,,"US MAI Marcon, Italy"
50313,40313,"MAS",,,"Massena","NY",,,"US MAS Massena, New York"
50314,40314,"MBY",,,"Manteno","IL",,,"US MBY Manteno, Illinois"
50315,40315,"MCY",,,"McBee","SC",,,"US MCY McBee, South Carolina"
50316,40316,"MDI",,,"Modena",,,,"US MDI Modena, Italy"
50317,40317,"MEK",,,"Medina ","OH",,,"US MEK Medina ,Ohio"
50318,40318,"MEL",,,"Melbourne, Victoria",,,,"US MEL Melbourne, Victoria, Australia"
50319,40319,"MEM",,,"Memphis","TN",,,"US MEM Memphis, Tennessee"
50320,40320,"MFY",,,"Merxheim",,,,"US MFY Merxheim, France"
50321,40321,"MGW",,,"Mid Glamorgan",,,,"US MGW Mid Glamorgan, So Wales"
50322,40322,"MGX",,,"Magnolia","AR",,,"US MGX Magnolia, Arkansas"
50323,40323,"MGY",,,"Madison","GA",,,"US MGY Madison, Georgia"
50324,40324,"MIK",,,"Millersport","OH",,,"US MIK Millersport, Ohio"
50325,40325,"MIN",,,"Minneapolis","MN",,,"US MIN Minneapolis, Minnesota"
50326,40326,"MIS",,,"Mississigua, Ontario",,,,"US MIS Mississigua, Ontario, Canada"
50327,40327,"MIT",,,"Milan",,,,"US MIT Milan, Italy"
50328,40328,"MIY",,,"McCook","IL",,,"US MIY McCook,Illinois  - McCook"
50329,40329,"MKR",,,"Mckees Rocks","PA",,,"US MKR Mckees Rocks, Pennsylvania"
50330,40330,"MKY",,,"Mt. Vernon","KY",,,"US MKY Mt. Vernon, Kentucky"
50331,40331,"MLR",,,"Mount Laurel","NJ",,,"US MLR Mount Laurel, New Jersey"
50332,40332,"MMX",,,"Monterrey",,,,"US MMX Monterrey, Mexico"
50333,40333,"MMY",,,"Memphis","TN",,,"US MMY Memphis, Tennessee"
50334,40334,"MNM",,,"Manama",,,,"US MNM Manama, Bahrain"
50335,40335,"MNY",,,"Mahopac","NY",,,"US MNY Mahopac, New York"
50336,40336,"MOR",,,"Mori",,,,"US MOR Mori, Italy"
50337,40337,"MOS",,,"Moscow",,,,"US MOS Moscow, Russia"
50338,40338,"MOX",,,"Monchengladbach",,,,"US MOX Monchengladbach, Germany"
50339,40339,"MPX",,,"Memphis","TN",,,"US MPX Memphis, Tennessee"
50340,40340,"MRH",,,"Mor",,,,"US MRH Mor, Hungary"
50341,40341,"MRI",,,"Marietta","GA",,,"US MRI Marietta, Georgia"
50342,40342,"MRV",,,"Maryville","TN",,,"US MRV Maryville, Tennessee"
50343,40343,"MRX",,,"Morris","IL",,,"US MRX Morris, Illnois"
50344,40344,"MRY",,,"Monterrey",,,,"US MRY Monterrey, Mexico"
50345,40345,"MSH",,,"Morristown","TN",,,"US MSH Morristown, Tennessee"
50346,40346,"MSJ",,,"Mosjoen",,,,"US MSJ Mosjoen, Norway"
50347,40347,"MSX",,,,,,,"US MSX Magnolia Service Centers"
50348,40348,"MSY",,,"Massena","NY",,,"US MSY Massena, New York"
50349,40349,"MTE",,,"Norcross","GA",,,"US MTE Norcross, Georgia"
50350,40350,"MTR",,,"Montreal",,,,"US MTR Montreal, Canada"
50351,40351,"MTW",,,"Mattawan","MI",,,"US MTW Mattawan, Michigan"
50352,40352,"MTX",,,"Mentor","OH",,,"US MTX Mentor, Ohio"
50353,40353,"MWY",,,"Milwaukee","WI",,,"US MWY Milwaukee, Wisconsin"
50354,40354,"MXY",,,"Malakoff","TX",,,"US MXY Malakoff, Texas"
50355,40355,"MYY",,,"Malvern","AR",,,"US MYY Malvern, Arkansas"
50356,40356,"NAS",,,"Nashville","TN",,,"US NAS Nashville, Tennessee"
50357,40357,"NBA",,,"Newburgh","IN",,,"US NBA Newburgh, Indiana"
50358,40358,"NBG",,,"Newburgh","IN",,,"US NBG Newburgh, Indiana"
50359,40359,"NCY",,,"National City","CA",,,"US NCY National City, California"
50360,40360,"NDL",,,"New Delhi",,,,"US NDL New Delhi, India"
50361,40361,"NDY",,,"Newark","DE",,,"US NDY Newark, Delaware"
50362,40362,"NGX",,,"Norcross","GA",,,"US NGX Norcross, Georgia"
50363,40363,"NGY",,,"Norcross","GA",,,"US NGY Norcross, Georgia"
50364,40364,"NHH",,,"Nemesuamos",,,,"US NHH Nemesuamos,Hungary"
50365,40365,"NKE",,,"New Kensington","PA",,,"US NKE New Kensington, Pennsylvania"
50366,40366,"NKY",,,"Newport","KY",,,"US NKY Newport, Kentucky"
50367,40367,"NLO",,,"New Lebanon","OH",,,"US NLO New Lebanon, Ohio"
50368,40368,"NMA",,,"Norton","MA",,,"US NMA Norton, Massachusetts"
50369,40369,"NOF",,,"Norfolk","VA",,,"US NOF Norfolk, Virginia"
50370,40370,"NOJ",,,"Nogi",,,,"US NOJ Nogi, Japan"
50371,40371,"NOR",,,"New Orleans","LA",,,"US NOR New Orleans, Louisiana"
50372,40372,"NTY",,,"Nashville","TN",,,"US NTY Nashville, Tennessee"
50373,40373,"NWD",,,"Northwood","OH",,,"US NWD Northwood, Ohio"
50374,40374,"NWK",,,"Newark","DE",,,"US NWK Newark, Delaware"
50375,40375,"NYC",,,"New York","NY",,,"US NYC New York, New York"
50376,40376,"OCY",,,"Oakland","CA",,,"US OCY Oakland, California"
50377,40377,"OFY",,,"Orlando","FL",,,"US OFY Orlando, Florida"
50378,40378,"OKA",,,"Oakleigh",,,,"US OKA Oakleigh,Australia"
50379,40379,"OKM",,,"Okemos","MI",,,"US OKM Okemos, Michigan"
50380,40380,"OLA",,,"Olalla","WA",,,"US OLA Olalla, Washington"
50381,40381,"OLB",,,"Olive Branch","MS",,,"US OLB Olive Branch, Mississippi"
50382,40382,"ORX",,,"Orlando","FL",,,"US ORX Orlando, Florida"
50383,40383,"OSL",,,"Oslo",,,,"US OSL Oslo, Norway"
50384,40384,"OSO",,,,,,,"US OSO Elkem Aluminum"
50385,40385,"P1Y",,,"Phoenix","AZ",,,"US P1Y Phoenix, Arizona"
50386,40386,"PAA",,,"Paal",,,,"US PAA Paal, Belgium"
50387,40387,"PAR",,,"Paris",,,,"US PAR Paris, France"
50388,40388,"PAS",,,"Palestine","TX",,,"US PAS Palestine, Texas"
50389,40389,"PAY",,,"Phoenix","AZ",,,"US PAY Phoenix, Arizona"
50390,40390,"PBO",,,"Paramaribo",,,,"US PBO Paramaribo, Suriname"
50391,40391,"PCF",,,"Plant City","FL",,,"US PCF Plant City, Florida"
50392,40392,"PCX",,,"Plant City","FL",,,"US PCX Plant City, Florida"
50393,40393,"PCY",,,"Pleasanton","CA",,,"US PCY Pleasanton, California"
50394,40394,"PER",,,"Perth",,,,"US PER Perth, Wa, Australia"
50395,40395,"PFH",,,"Paris",,,,"US PFH Paris, France"
50396,40396,"PGY",,,"Neenah","WI",,,"US PGY Neenah, Wisconsin"
50397,40397,"PHI",,,"Philadelphia","PA",,,"US PHI Philadelphia, Pennsylvania"
50398,40398,"PHO",,,"Phoenix","AZ",,,"US PHO Phoenix, Arizona"
50399,40399,"PHY",,,"Phoenix","AZ",,,"US PHY Phoenix, Arizona"
50400,40400,"PIK",,,"Park Forest","IL",,,"US PIK Park Forest, Illinois"
50401,40401,"PIN",,,"Pinjarra, Wa",,,,"US PIN Pinjarra, Wa, Australia"
50402,40402,"PIT",,,"Pittsburgh","PA",,,"US PIT Pittsburgh, Pennsylvania"
50403,40403,"PJY",,,"Plainsboro","NJ",,,"US PJY Plainsboro, New Jersey"
50404,40404,"PMC",,,"Palm Coast","FL",,,"US PMC Palm Coast, Florida"
50405,40405,"PMY",,,"Plymouth","MN",,,"US PMY Plymouth, Minnesota"
50406,40406,"PNM",,,"Paranam",,,,"US PNM Paranam, Suriname"
50407,40407,"PNY",,,"Parsippany","NJ",,,"US PNY Parsippany, New Jersey"
50408,40408,"POC",,,"Pocos De Caldas",,,,"US POC Pocos De Caldas, Brazil"
50409,40409,"POD",,,"Ponder","TX",,,"US POD Ponder, Texas"
50410,40410,"PPY",,,"Philadelphia","PA",,,"US PPY Philadelphia, Pennsylvania"
50411,40411,"PRI",,,"Princeville","IL",,,"US PRI Princeville, Illinois"
50412,40412,"PRO",,,"Providence","RI",,,"US PRO Providence, Rhode Island"
50413,40413,"PRY",,,"Portland","OR",,,"US PRY Portland, Oregon"
50414,40414,"PTA",,,"Port Allen","LA",,,"US PTA Port Allen, Louisiana"
50415,40415,"PTC",,,"Point Comfort","TX",,,"US PTC Point Comfort, Texas"
50416,40416,"PTH",,,"Point Henry,Victoria",,,,"US PTH Point Henry,Victoria,Australia"
50417,40417,"PTL",,,"Portland",,,,"US PTL Portland, Australia"
50418,40418,"PTV",,,"Portovesme",,,,"US PTV Portovesme, Italy"
50419,40419,"PTY",,,"Portland","TX",,,"US PTY Portland, Texas"
50420,40420,"PUE",,,"Puebla",,,,"US PUE Puebla, Mexico"
50421,40421,"PXY",,,"Parsippany","NJ",,,"US PXY Parsippany, New Jersey"
50422,40422,"QCS",,,"Richmond","VA",,,"US QCS Richmond, Virginia"
50423,40423,"QHD",,,"Qinhuangdao",,,,"US QHD Qinhuangdao, China"
50424,40424,"QIN",,,"Qingdao",,,,"US QIN Qingdao, China"
50425,40425,"QUX",,,"Quebec",,,,"US QUX Quebec, Canada"
50426,40426,"R2Y",,,"Richmond","VA",,,"US R2Y Richmond, Virginia"
50427,40427,"RAN",,,"Randolph","NY",,,"US RAN Randolph, New York"
50428,40428,"RAY",,,"Rogers","MN",,,"US RAY Rogers, Minnesota"
50429,40429,"RCY",,,"Richmond","VA",,,"US RCY Richmond, Virginia"
50430,40430,"RDE",,,,,,,"US RDE REDD Team Manufacturing"
50431,40431,"RDY",,,"Rogers","MN",,,"US RDY Rogers, Minnesota"
50432,40432,"REC",,,"Recife, Pernambuco",,,,"US REC Recife, Pernambuco, Brazil"
50433,40433,"RED",,,"Redditch",,,,"US RED Redditch, UK"
50434,40434,"REJ",,,"Reykjavik",,,,"US REJ Reykjavik,Iceland"
50435,40435,"REX",,,"Runcorn",,,,"US REX Runcorn, England"
50436,40436,"RFY",,,"Richmond","VA",,,"US RFY Richmond,Virginia"
50437,40437,"RGY",,,"Richmond","VA",,,"US RGY Richmond, Virginia"
50438,40438,"RHI",,,"Richmond","IN",,,"US RHI Richmond, Indiana"
50439,40439,"RHV",,,"Richmond","VA",,,"US RHV Richmond, Virginia"
50440,40440,"RIY",,,"Richmond","VA",,,"US RIY Richmond,Virginia"
50441,40441,"RMC",,,"Richmond","VA",,,"US RMC Richmond, Virginia"
50442,40442,"RMI",,,"Rome",,,,"US RMI Rome, Italy"
50443,40443,"RMY",,,"Richmond","VA",,,"US RMY Richmond, Virginia Metals"
50444,40444,"RNC",,,"Raleigh","NC",,,"US RNC Raleigh, North Carolina"
50445,40445,"RNY",,,"Rye Brook","NY",,,"US RNY Rye Brook, New York"
50446,40446,"ROE",,,"Rowville",,,,"US ROE Rowville, Australia"
50447,40447,"ROH",,,"Rochester","NY",,,"US ROH Rochester, New York"
50448,40448,"ROK",,,"Rockdale","TX",,,"US ROK Rockdale, Texas"
50449,40449,"RON",,,"Roermond",,,,"US RON Roermond, Netherlands"
50450,40450,"ROT",,,"Rotterdam",,,,"US ROT Rotterdam, Holland"
50451,40451,"RPY",,,"Richmond","VA",,,"US RPY Richmond, Virginia"
50452,40452,"RRY",,,"Richmond","VA",,,"US RRY Richmond, Virginia"
50453,40453,"RSY",,,"Richmond","VA",,,"US RSY Richmond, Virginia"
50454,40454,"RTY",,,"Richmond","VA",,,"US RTY Richmond, Virginia"
50455,40455,"RUX",,,"Russellville","AR",,,"US RUX Russellville, Arkansas"
50456,40456,"RVY",,,"Rutland","VT",,,"US RVY Rutland, Vermont"
50457,40457,"RYI",,,"Reydarfjordur",,,,"US RYI Reydarfjordur, Iceland"
50458,40458,"SAB",,,,,,,"US SAB Santo Andre Utinga Brazil"
50459,40459,"SAC",,,"Sacramento","CA",,,"US SAC Sacramento, California"
50460,40460,"SAM",,,"Salem","VA",,,"US SAM Salem, Virginia"
50461,40461,"SAO",,,"Sao Paulo",,,,"US SAO Sao Paulo, Brazil"
50462,40462,"SAT",,,"San Antonio","TX",,,"US SAT San Antonio, Texas"
50463,40463,"SAX",,,"Springdale","AR",,,"US SAX Springdale, Arkansas"
50464,40464,"SBC",,,"Scarborough",,,,"US SBC Scarborough, Canada"
50465,40465,"SBD",,,"South Bay","CA",,,"US SBD South Bay, California"
50466,40466,"SBY",,,"Appleton","WI",,,"US SBY Appleton, Wisconsin"
50467,40467,"SCC",,,"Simi Valley","CA",,,"US SCC Simi Valley, California"
50468,40468,"SCF",,,"St. Cosme",,,,"US SCF St. Cosme, France"
50469,40469,"SCN",,,"St Laurent, Quebec",,,,"US SCN St Laurent, Quebec, Canada"
50470,40470,"SCO",,,"Sidney","OH",,,"US SCO Sidney, Ohio  Corporate"
50471,40471,"SCS",,,"San Ciprian",,,,"US SCS San Ciprian, Spain"
50472,40472,"SCY",,,"Southfield","MI",,,"US SCY Southfield, Michigan"
50473,40473,"SDC",,,"Alpharetta","GA",,,"US SDC Alpharetta, Georgia"
50474,40474,"SDV",,,"Stuarts Draft","VA",,,"US SDV Stuarts Draft, Virginia"
50475,40475,"SEA",,,"Seattle","WA",,,"US SEA Seattle, Washington"
50476,40476,"SEO",,,"Seoul",,,,"US SEO Seoul, Korea"
50477,40477,"SEY",,,"Sparks","NV",,,"US SEY Sparks, Nevada"
50478,40478,"SFR",,,"San Francisco","CA",,,"US SFR San Francisco, California"
50479,40479,"SHA",,,"Shanghai",,,,"US SHA Shanghai, China"
50480,40480,"SHL",,,"Shreveport","LA",,,"US SHL Shreveport, Louisiana"
50481,40481,"SHY",,,"Shelbyville","KY",,,"US SHY Shelbyville, Kentucky"
50482,40482,"SID",,,"Sidney","OH",,,"US SID Sidney, Ohio"
50483,40483,"SIK",,,"South Holland","IL",,,"US SIK South Holland, Illinois"
50484,40484,"SIV",,,"Simi Valley","CA",,,"US SIV Simi Valley, California"
50485,40485,"SIY",,,"Schaumburg","IL",,,"US SIY Schaumburg, Illinois"
50486,40486,"SJC",,,"San Jose","CA",,,"US SJC San Jose, California"
50487,40487,"SKX",,,"Salt Lake","UT",,,"US SKX Salt Lake, Utah"
50488,40488,"SKY",,,"Shelbyville","KY",,,"US SKY Shelbyville, Kentucky"
50489,40489,"SLB",,,"Salisbury","NC",,,"US SLB Salisbury,North Carolina"
50490,40490,"SLC",,,"Salt Lake City","UT",,,"US SLC Salt Lake City, Utah"
50491,40491,"SLS",,,"Sao Luis",,,,"US SLS Sao Luis, Brazil"
50492,40492,"SLT",,,"Saltillo",,,,"US SLT Saltillo, Mexico"
50493,40493,"SLX",,,"St. Louis","MO",,,"US SLX St. Louis, Missouri"
50494,40494,"SME",,,"Sidney","OH",,,"US SME Sidney, Ohio"
50495,40495,"SMP",,,"Sidney","OH",,,"US SMP Sidney, Ohio"
50496,40496,"SMT",,,,,,,"US SMT Sapa Moon Township"
50497,40497,"SNK",,,"Sanford","NC",,,"US SNK Sanford, North Carolina"
50498,40498,"SNY",,,"Salisbury","NC",,,"US SNY Salisbury, North Carolina"
50499,40499,"SOE",,,"Soest",,,,"US SOE Soest, Germany"
50500,40500,"SOO",,,"San Antonio","TX",,,"US SOO San Antonio, Texas"
50501,40501,"SOR",,,"Sorocaba",,,,"US SOR Sorocaba, Brazil"
50502,40502,"SOX",,,"Visalia","CA",,,"US SOX Visalia, California"
50503,40503,"SOY",,,"Streetsboro","OH",,,"US SOY Streetsboro, Ohio"
50504,40504,"SPA",,,"Spartanburg","SC",,,"US SPA Spartanburg, South Carolina"
50505,40505,"SPM",,,"St. Paul","MN",,,"US SPM St. Paul, Minnesota"
50506,40506,"SPN",,,"Sparks","NV",,,"US SPN Sparks, Nevada"
50507,40507,"SPS",,,,,,,"US SPS AFL Services Group"
50508,40508,"SPX",,,"Spanish Fork","UT",,,"US SPX Spanish Fork, Utah"
50509,40509,"SRR",,,"Samara",,,,"US SRR Samara, Russia"
50510,40510,"SRY",,,"Schaumburg","IL",,,"US SRY Schaumburg, Illinois"
50511,40511,"SSX",,,"Seattle","WA",,,"US SSX Seattle, Washington"
50512,40512,"STG",,,"Stoughton","MA",,,"US STG Stoughton, Massachusetts"
50513,40513,"STI",,,"St. Charles","IL",,,"US STI St. Charles, Illinois"
50514,40514,"STS",,,"San Antonio","TX",,,"US STS San Antonio, Texas"
50515,40515,"STX",,,"St Croix","VI",,,"US STX St Croix, US Virgin Isl"
50516,40516,"STY",,,"Southlake","TX",,,"US STY Southlake, Texas"
50517,40517,"SUK",,,"Swindon",,,,"US SUK Swindon, United Kingdom"
50518,40518,"SUY",,,"St. Louis","MO",,,"US SUY St. Louis, Missouri"
50519,40519,"SVP",,,"South Boston","VA",,,"US SVP South Boston, Virgina"
50520,40520,"SVY",,,"St. Louis","MO",,,"US SVY St. Louis, Missouri"
50521,40521,"SWA",,,"Swansea, Glamorgan",,,,"US SWA Swansea, Glamorgan, Wales"
50522,40522,"SWY",,,"Shelbyville","KY",,,"US SWY Shelbyville, Kentucky"
50523,40523,"SXP",,,"Seixal",,,,"US SXP Seixal, Portugal"
50524,40524,"SXR",,,"Monroe","NC",,,"US SXR Monroe,North Carolina"
50525,40525,"SYY",,,"Syracuse","NY",,,"US SYY Syracuse, New York"
50526,40526,"SZC",,,"Suzhou",,,,"US SZC Suzhou,China"
50527,40527,"SZE",,,"Szekesfehervar",,,,"US SZE Szekesfehervar, Hungary"
50528,40528,"SZY",,,"Minneapolis","MN",,,"US SZY Minneapolis, Minnesota"
50529,40529,"TAK",,,"Tucson","AZ",,,"US TAK Tucson, Arizona"
50530,40530,"TAP",,,"Tapoco","NC",,,"US TAP Tapoco, North Carolina"
50531,40531,"TCX",,,"Toronto",,,,"US TCX Toronto, Canada"
50532,40532,"TCY",,,"Torrance","CA",,,"US TCY Torrance, California"
50533,40533,"TFF",,,"Toulouse",,,,"US TFF Toulouse,France"
50534,40534,"TFK",,,"Telford",,,,"US TFK Telford, England"
50535,40535,"TIC",,,"Charlotte","NC",,,"US TIC Charlotte, North Carolina"
50536,40536,"TIF",,,"Tifton","GA",,,"US TIF Tifton, Georgia"
50537,40537,"TJH",,,"Terai-Town",,,,"US TJH Terai-Town, Japan"
50538,40538,"TMB",,,"Pt Tembladora",,,,"US TMB Pt Tembladora, Trinidad, Wi"
50539,40539,"TMH",,,"Tempe","AZ",,,"US TMH Tempe, Arizona"
50540,40540,"TMK",,,"Troy","MI",,,"US TMK Troy, Michigan"
50541,40541,"TNJ",,,"Tianjin",,,,"US TNJ Tianjin, China"
50542,40542,"TNY",,,"Thorofare","NJ",,,"US TNY Thorofare, New Jersey"
50543,40543,"TOK",,,"Tokyo",,,,"US TOK Tokyo, Japan"
50544,40544,"TOR",,,"Toronto, Ontario",,,,"US TOR Toronto, Ontario, Canada"
50545,40545,"TOY",,,"Troutdale","OR",,,"US TOY Troutdale, Oregon"
50546,40546,"TPA",,,,,,,"US TPA Retiree Default-Towers Perrin"
50547,40547,"TRC",,,"Torrance","CA",,,"US TRC Torrance,California"
50548,40548,"TRR",,,"Troy","OH",,,"US TRR Troy, Ohio"
50549,40549,"TUA",,,"Tucson","AZ",,,"US TUA Tucson, Arizona"
50550,40550,"TUB",,,"Tubarao",,,,"US TUB Tubarao, Brazil"
50551,40551,"TUK",,,"Tucson","AZ",,,"US TUK Tucson, Arizona"
50552,40552,"TXX",,,"Texarkana","TX",,,"US TXX Texarkana, Texas"
50553,40553,"USK",,,"Us",,,,"US USK Us, France"
50554,40554,"VAN",,,"Vancouver","WA",,,"US VAN Vancouver, Washington"
50555,40555,"VCY",,,"Visalia","CA",,,"US VCY Visalia, California"
50556,40556,"VER",,,"Vernon","CA",,,"US VER Vernon, California"
50557,40557,"VFX",,,"Vendargues",,,,"US VFX Vendargues, France"
50558,40558,"VGX",,,"Visalia","CA",,,"US VGX Visalia, California"
50559,40559,"VID",,,"Vidalia","LA",,,"US VID Vidalia, Louisiana"
50560,40560,"VIE",,,"Viernheim",,,,"US VIE Viernheim,Germany"
50561,40561,"VIK",,,"Valparaiso","IN",,,"US VIK Valparaiso, Indiana"
50562,40562,"WAR",,,"Warrick Newburgh",,,,"US WAR Warrick Newburgh, In"
50563,40563,"WAS",,,"Washington, DC",,,,"US WAS Washington DC"
50564,40564,"WBW",,,"West Bromwich",,,,"US WBW West Bromwich, United Kingdom"
50565,40565,"WCH",,,"Winsted","CT",,,"US WCH Winsted, Connecticut"
50566,40566,"WCY",,,"Wallingford","CT",,,"US WCY Wallingford,Connecticut"
50567,40567,"WEM",,,"West Mifflin","PA",,,"US WEM West Mifflin, Pennsylvania"
50568,40568,"WEN",,,"Wenatchee","WA",,,"US WEN Wenatchee, Washington"
50569,40569,"WGE",,,"Worms Rm Rhein",,,,"US WGE Worms Rm Rhein, West Germany"
50570,40570,"WGP",,,"Wagerup",,,,"US WGP Wagerup, Western Australia"
50571,40571,"WIY",,,"Wheaton","IL",,,"US WIY Wheaton, Illinois"
50572,40572,"WKY",,,"Wakefield","MA",,,"US WKY Wakefield, Massachusetts"
50573,40573,"WLD",,,"Wilmington","DE",,,"US WLD Wilmington, Delaware"
50574,40574,"WLY",,,"West Monroe","LA",,,"US WLY West Monroe, Louisiana"
50575,40575,"WMH",,,"Whitehall","MI",,,"US WMH Whitehall, Michigan"
50576,40576,"WNS",,,"Winston Salem","NC",,,"US WNS Winston Salem, North Carolina"
50577,40577,"WOE",,,"Warren","OH",,,"US WOE Warren, Ohio"
50578,40578,"WPN",,,"White Plains","NY",,,"US WPN White Plains, NY"
50579,40579,"WPX",,,"Warsaw",,,,"US WPX Warsaw, Poland"
50580,40580,"WRT",,,"Worthington","OH",,,"US WRT Worthington, Ohio"
50581,40581,"WSY",,,"Wilmington","NC",,,"US WSY Wilmington, North Carolina"
50582,40582,"WTH",,,"Wichita Falls","TX",,,"US WTH Wichita Falls, Texas"
50583,40583,"WTK",,,"Waco","TX",,,"US WTK Waco, Texas"
50584,40584,"WUY",,,"Milwaukee","WI",,,"US WUY Milwaukee, Wisconsin"
50585,40585,"WWP",,,"Weyauwega","WI",,,"US WWP Weyauwega, Wisconsin"
50586,40586,"WWY",,,"Waunakee","WI",,,"US WWY Waunakee, Wisconsin"
50587,40587,"YEN",,,"Yennora",,,,"US YEN Yennora, Australia"
50588,40588,"YTX",,,"Yankton","SD",,,"US YTX Yankton, South Dakota"
50589,40589,"YUX",,,"Yunnan",,,,"US YUX Yunnan, China"
50590,40590,"ZGC",,,"Georgetown",,,,"US ZGC Georgetown Castings"
50591,40591,"ZGF",,,"Gennevilliers",,,,"US ZGF Gennevilliers, France"
50592,40592,"ZQC",,,"Laval",,,,"US ZQC Laval,CanadaIVEX"
50593,40593,"ZTE",,,"Sedgefield",,,,"US ZTE Sedgefield, UK IVEX-Thermo"
50594,40594,"ALK",,,"Al Khobar",,,,"US ALK Al Khobar, Saudi Arabia"
50595,40595,"AOG",,,"The Woodlands","TX",,,"US AOG The Woodlands, TX"
50596,40596,"ARV",,,"Arlington","VA",,,"US ARV Arlington, Virginia"
50597,40597,"ASY",,,"Akwa Ibom State",,,,"US ASY Akwa Ibom State, Nigeria"
50598,40598,"BCC",,,"Barberton","OH",,,"US BCC Barberton, Ohio"
50599,40599,"BRN",,,"Brisbane",,,,"US BRN Brisbane, Queensland"
50600,40600,"BRT",,,"Barberton","OH",,,"US BRT Barberton, Ohio"
50601,40601,"CBB",,,"Cranberry","PA",,,"US CBB Cranberry, Pennsylvania"
50602,40602,"CHF",,,"Cergy St. Christophe",,,,"US CHF Cergy St. Christophe, France"
50603,40603,"CLO",,,"Cleveland","OH",,,"US CLO Cleveland, Ohio"
50604,40604,"CNP",,,"Canoga Park","CA",,,"US CNP Canoga Park, California"
50605,40605,"CRB",,,"Cranberry","PA",,,"US CRB Cranberry, Pennsylvania"
50606,40606,"DBI",,,"Dubai",,,,"US DBI Dubai, United Arab Emirates"
50607,40607,"DSD",,,"Dusseldorf",,,,"US DSD Dusseldorf, Germany"
50608,40608,"ENA",,,"Nashville","TN",,,"US ENA Nashville, TN"
50609,40609,"ENO",,,"Englewood","OH",,,"US ENO Englewood, Ohio"
50610,40610,"GHA",,,"Accra",,,,"US GHA Accra, Ghana"
50611,40611,"GRV",,,"Greenville","SC",,,"US GRV Greenville, South Carolina"
50612,40612,"HHT",,,"Hutchinson","KS",,,"US HHT Hutchinson, Kansas Union"
50613,40613,"JNS",,,"Johannesburgh",,,,"US JNS Johannesburgh, South Africa"
50614,40614,"JUB",,,"Juruti",,,,"US JUB Juruti, Brazil"
50615,40615,"KIY",,,"Kirkland","WA",,,"US KIY Kirkland, Washington"
50616,40616,"KRG",,,"Kindberg",,,,"US KRG Kindberg, Austria"
50617,40617,"LCX",,,"Lethbridge",,,,"US LCX Lethbridge, Canada"
50618,40618,"LNY",,,"Las Vegas","NV",,,"US LNY Las Vegas, Nevada"
50619,40619,"LXB",,,"Luxembourg",,,,"US LXB Luxembourg,Belgium"
50620,40620,"MQY",,,"Montreal, Quebec",,,,"US MQY Montreal, Quebec, Canada"
50621,40621,"NEM",,,"Nemesvamos",,,,"US NEM Nemesvamos, Hungary"
50622,40622,"NPJ",,,"Newbury Park","CA",,,"US NPJ Newbury Park, California"
50623,40623,"NPP",,,"Newbury Park","CA",,,"US NPP Newbury Park, California"
50624,40624,"OTW",,,"Ottawa",,,,"US OTW Ottawa, Canada"
50625,40625,"POY",,,"Perrysburg","OH",,,"US POY Perrysburg, Ohio"
50626,40626,"R1Y",,,"Richmond","VA",,,"US R1Y Richmond, Virginia"
50627,40627,"RBY",,,"Rio de Janeiro",,,,"US RBY Rio de Janeiro, Brazil"
50628,40628,"RWY",,,"Richmond","VA",,,"US RWY Richmond, Virginia"
50629,40629,"SNT",,,"Santiago",,,,"US SNT Santiago, Chile"
50630,40630,"T1Y",,,"Torrance","CA",,,"US T1Y Torrance, California"
50631,40631,"T2Y",,,"Tampa","FL",,,"US T2Y Tampa, Florida"
50632,40632,"TCA",,,"Tracy","CA",,,"US TCA Tracy, CA"
50633,40633,"TRA",,,"Cranberry","PA",,,"US TRA Cranberry, Pennsylvania"
50634,40634,"VTC",,,"Sylmar","CA",,,"US VTC Sylmar, CA"
50635,40635,"VVY",,,"Valencia",,,,"US VVY Valencia, Venezuela"
50636,40636,"WJK",,,"Waalwijk",,,,"US WJK Waalwijk, Netherlands"
50637,40637,"WRY",,,"Worsley",,,,"US WRY Worsley, Australia"
50638,40638,"XFL",,,,,,,"US XFL AEES Divestiture"
50639,40639,"XPC",,,,,,,"US XPC P&C Divestiture"
50640,40640,"XSA",,,,,,,"US XSA Sapa Divestiture"
50641,40641,"AHG",,,"Aichach",,,,"AHG_Aichach,Germany"
50642,40642,"BGH",,,"Brighton","MI",,,"BGH_Brighton, Michigan"
50643,40643,"DNL",,,"Denison","TX",,,"DNL_Denison, Texas (ABP)"
50644,40644,"DRO",,,"Droitwich",,,,"DRO_DROITWICH, WSTRE, ENGLAND"
50645,40645,"DTI",,,"Dataw Island","SC",,,"DTI_Dataw Island,South Carolina"
50646,40646,"LIM",,,"Lima",,,,"LIM_Lima, Peru"
50647,40647,"LOL",,,"Lolita","TX",,,"LOL_Lolita, Texas"
50648,40648,"MGO",,,"Moengo",,,,"MGO_MOENGO, SURINAME"
50649,40649,"MJT",,,"Marjorie","TX",,,"MJT_Marjorie, Texas"
50650,40650,"MNG",,,"Mining",,,,"MNG_MINING, WESTERN AUSTRALIA"
50651,40651,"MPM",,,"Minneapolis","MN",,,"MPM_Minneapolis, Minnesota"
50652,40652,"NNK",,,"New Braunfels","TX",,,"NNK_New Braunfels, Texas (Huck)"
50653,40653,"PAI",,,"Pavia",,,,"PAI_Pavia, Italy"
50654,40654,"PHF",,,"Palm Harbor","FL",,,"PHF_Palm Harbor, Florida"
50655,40655,"PNA",,,"Piedras Negras",,,,"PNA_Piedras Negras, Mexico"
50656,40656,"SGY",,,"Schaumburg","IL",,,"SGY_Schaumburg, Illinois (SGS)"
50657,40657,"SHE",,,"Sherman","TX",,,"SHE_Sherman, Texas (ABP)"
50658,40658,"STV",,,"St Vit",,,,"STV_St Vit, Germany"
50659,40659,"TFY",,,"Tampa","FL",,,"TFY_Tampa, Florida (RMC)"
50660,40660,"TRO",,,"Troy","MI",,,"TRO_TROY, MICHIGAN"
50661,40661,"WRC",,,"Worcester",,,,"WRC_Worcester, U-K"
50662,40662,"WUK",,,"Whitchurch",,,,"WUK_Whitchurch, UK"
50663,40663,"AKR",,,"Akron","OH",,,"AKRON, OHIO"
50664,40664,"AKN",,,"Akron","OH",,,"AKRON, OHIO (ABP)"
50665,40665,"ALA",,,"Alameda","CA",,,"ALAMEDA, CALIFORNIA"
50666,40666,"ANY",,,"Albany","NY",,,"ALBANY, NEW YORK (RMC)"
50667,40667,"ARC",,,,,,,"ALCOA RECYCLING CORP."
50668,40668,"SDA",,,"Alkhobar",,,,"ALKHOBAR, SAUDI ARABIA"
50669,40669,"APY",,,"Allentown","PA",,,"ALLENTOWN, PA (RMC)"
50670,40670,"ALR",,,"Alpharetta","GA",,,"ALPHARETTA, GEORGIA (ABP)"
50671,40671,"ANA",,,"Anaheim","CA",,,"ANAHEIM, CALIFORNIA"
50672,40672,"ADL",,,"Andalusia","PA",,,"ANDALUSIA, PENNSYLVANIA"
50673,40673,"AND",,,"Andrews","NC",,,"ANDREWS, NORTH CAROLINA"
50674,40674,"AAM",,,"Ann Arbor","MI",,,"ANN ARBOR, MICHIGAN"
50675,40675,"ANT",,,"Antelope","CA",,,"ANTELOPE, CALIFORNIA (ABP)"
50676,40676,"AVM",,,"Apple Valley","MN",,,"APPLE VALLEY, MINNESOTA"
50677,40677,"GSY",,,"Arkadelphia","AR",,,"ARKADELPHIA, AR (RMC -GUMSPRG)"
50678,40678,"ARN",,,"Arnold","PA",,,"ARNOLD, PENNSYLVANIA"
50679,40679,"ASK",,,"Askeaton",,,,"ASKEATON, CO LIMERICH, IRELA"
50680,40680,"ABN",,,"Auburn","ME",,,"AUBURN, MAINE (ABP)"
50681,40681,"AUS",,,"Austin","TX",,,"AUSTIN, TEXAS"
50682,40682,"AYL",,,"Aylesbury",,,,"AYLESBURY, BUCKS, ENGLAND"
50683,40683,"BHG",,,"Bad Homburg",,,,"BAD HOMBURG, W GERMANY"
50684,40684,"BAI",,,"Bailey","CO",,,"BAILEY, COLORADO (ABP)"
50685,40685,"BGT",,,"Barrington","RI",,,"BARRINGTON, RHODE ISLAND"
50686,40686,"BAT",,,"Batavia","IL",,,"BATAVIA, ILLINOIS"
50687,40687,"BEY",,,"Becanour",,,,"BECANOUR, CANADA (RMC)"
50688,40688,"BED",,,"Bedford","TX",,,"BEDFORD, TEXAS"
50689,40689,"BLR",,,"Belaire","TX",,,"BELAIRE, TEXAS"
50690,40690,"BLM",,,"Belem",,,,"BELEM, BRAZIL"
50691,40691,"BLV",,,"Belleville","IL",,,"BELLEVILLE, ILLINOIS"
50692,40692,"BEL",,,"Bellevue","WA",,,"BELLEVUE, WASHINGTON"
50693,40693,"BSD",,,"Bethesda","MD",,,"BETHESDA, MARYLAND"
50694,40694,"BKS",,,"Blackstone",,,,"BLACKSTONE, MASS"
50695,40695,"BMN",,,"Bloomington","MN",,,"BLOOMINGTON, MINNESOTA"
50696,40696,"BOC",,,"Boca Raton","FL",,,"BOCA RATON, FLORIDA"
50697,40697,"BOI",,,"Boise","ID",,,"BOISE, IDAHO"
50698,40698,"BOL",,,"Bolingbrook","IL",,,"BOLINGBROOK, ILLINOIS"
50699,40699,"BLG",,,"Bologne",,,,"BOLOGNE, FRANCE"
50700,40700,"BEW",,,"Brewer","ME",,,"BREWER, MAINE"
50701,40701,"BRC",,,"Bricktown","NJ",,,"BRICKTOWN, NEW JERSEY"
50702,40702,"BRG",,,"Brigend",,,,"BRIGEND, ENGLAND"
50703,40703,"BCO",,,"Brighton","CO",,,"BRIGHTON, COLORADO"
50704,40704,"BST",,,"Bristol","CT",,,"BRISTOL, CONNECTICUT"
50705,40705,"BRD",,,"Broad Brook","CT",,,"BROAD BROOK, CONNECTICUT"
50706,40706,"BRO",,,"Broadview","IL",,,"BROADVIEW, ILLINOIS"
50707,40707,"BRK",,,"Brookfield","WI",,,"BROOKFIELD, WISCONSIN"
50708,40708,"BLK",,,"Budd Lake","NJ",,,"BUDD LAKE, NEW JERSEY"
50709,40709,"BUV",,,"Buena Vista","VA",,,"BUENA VISTA, VIRGINIA"
50710,40710,"BUN",,,"Bunbury Harbor",,,,"BUNBURY HARBOR, AUSTRALIA"
50711,40711,"BRL",,,"Burlington","MA",,,"BURLINGTON, MASSACHUSSETTS"
50712,40712,"CAB",,,"Cabo Rojo",,,,"CABO ROJO, DONINICAN REPUB"
50713,40713,"CLD",,,"Calderwood","TN",,,"CALDERWOOD, TENNESSEE"
50714,40714,"CMB",,,"Cambridge","MA",,,"CAMBRIDGE, MASSACHUSETTS"
50715,40715,"CDG",,,"Canandaigua","NY",,,"CANANDAIGUA, NEW YORK"
50716,40716,"CAN",,,"Canonsburg","PA",,,"CANONSBURG, PENNSYLVANIA"
50717,40717,"CAP",,,"Capistrano Beach","CA",,,"CAPISTRANO BEACH, CALIFORNIA"
50718,40718,"CAR",,,"Caracas",,,,"CARACAS, VENEZUELA"
50719,40719,"CBD",,,"Carlsbad","CA",,,"CARLSBAD, CALIFORNIA"
50720,40720,"CNG",,,"Carnegie","PA",,,"CARNEGIE, PENNSYLVANIA"
50721,40721,"CSH",,,"Cashiers","NC",,,"CASHIERS, NORTH CAROLINA"
50722,40722,"CAF",,,"Castelsarrasin",,,,"CASTELSARRASIN, FRANCE"
50723,40723,"CSC",,,"Cayce","SC",,,"CAYCE, SOUTH CAROLINA"
50724,40724,"CDR",,,"Cedar Rapids","IA",,,"CEDAR RAPIDS, IOWA"
50725,40725,"CFH",,,"Cedex",,,,"CEDEX, FRANCE (HOWMET)"
50726,40726,"CTL",,,"Center Line","MI",,,"CENTER LINE, MICHIGAN"
50727,40727,"CMP",,,"Champaign","IL",,,"CHAMPAIGN, ILLINOIS"
50728,40728,"CPA",,,"Charleroi","PA",,,"CHARLEROI, PENNSYLVANIA"
50729,40729,"CHR",,,"Charleston","SC",,,"CHARLESTON, SOUTH CAROLINA"
50730,40730,"CNY",,,"Charlotte","NC",,,"CHARLOTTE, NC (RMC)"
50731,40731,"CHV",,,"Charlottesville","VA",,,"CHARLOTTESVILLE, VIRGINIA"
50732,40732,"CHT",,,"Chateauroux",,,,"CHATEAUROUX, FRANCE"
50733,40733,"CFD",,,"Chelmsford","MA",,,"CHELMSFORD, MASSACHUSETTS"
50734,40734,"CPT",,,"Chepachet","RI",,,"CHEPACHET, RHODE ISLAND"
50735,40735,"CEV",,,"Chesterfield","VA",,,"CHESTERFIELD, VIRGINIA (ABP)"
50736,40736,"CHC",,,"Chilicothe","IL",,,"CHILICOTHE, ILLINOIS (ABP)"
50737,40737,"CLM",,,"Claremore","OK",,,"CLAREMORE, OKLAHOMA"
50738,40738,"CLW",,,"Clearwater","FL",,,"CLEARWATER, FLORIDA"
50739,40739,"CVY",,,"Cleveland","OH",,,"CLEVELAND, OHIO (RMC)"
50740,40740,"CLV",,,"Cleveland","OH",,,"CLEVELAND,OHIO (SALES)"
50741,40741,"CTY",,,"Clinton","IA",,,"CLINTON, IOWA (SGS)"
50742,40742,"CPY",,,"Cochranville","PA",,,"COCHRANVILLE, PA (SGS)"
50743,40743,"CPK",,,"College Park","MD",,,"COLLEGE PARK, MARYLAND"
50744,40744,"CLL",,,"Collierville","TN",,,"COLLIERVILLE, TENNESSEE"
50745,40745,"CLB",,,"Columbia","MD",,,"COLUMBIA, MARYLAND"
50746,40746,"COL",,,"Columbus","OH",,,"COLUMBUS, OHIO"
50747,40747,"CZY",,,"Concord","NJ",,,"CONCORD, NJ (SGS)"
50748,40748,"CNR",,,"Conover","NC",,,"CONOVER, NORTH CAROLINA"
50749,40749,"CRD",,,"Cordova","TN",,,"CORDOVA, TENNESSEE"
50750,40750,"COR",,,"Corona","CA",,,"CORONA, CALIFORNIA"
50751,40751,"CBI",,,"Council Bluffs","IA",,,"COUNCIL BLUFFS, IOWA"
50752,40752,"DTY",,,"Dallas","TX",,,"DALLAS, TEXAS (RMC)"
50753,40753,"DPC",,,"Dana Point","CA",,,"DANA POINT, CALIFORNIA"
50754,40754,"DSN",,,"Davidson County","NC",,,"DAVIDSON COUNTY, NC"
50755,40755,"DVS",,,"Davis","CA",,,"DAVIS, CALIFORNIA"
50756,40756,"DAY",,,"Dayton","OH",,,"DAYTON, OHIO"
50757,40757,"DRF",,,"Dearfield","IL",,,"DEARFIELD, ILLINOIS"
50758,40758,"DLF",,,"Delft",,,,"DELFT, THE NETHERLANDS"
50759,40759,"DWY",,,"De Pere","WI",,,"DE PERE, WISCONSIN (SGS)"
50760,40760,"DRB",,,"Derbyshire",,,,"DERBYSHIRE, ENGLAND"
50761,40761,"DMI",,,"Des Moines","IA",,,"DES MOINES, IOWA"
50762,40762,"DRP",,,"Drayton Plains","MI",,,"DRAYTON PLAINS, MICHIGAN"
50763,40763,"DUY",,,"Duncanville","TX",,,"DUNCANVILLE, TEXAS (SGS)"
50764,40764,"EAS",,,"Easton","CT",,,"EASTON, CONNECTICUT"
50765,40765,"ESO",,,"East Orange","NJ",,,"EAST ORANGE, NEW JERSEY"
50766,40766,"EPA",,,"East Palestine","OH",,,"EAST PALESTINE, OHIO"
50767,40767,"ESL",,,"East St. Louis","IL",,,"EAST ST. LOUIS, ILLINOIS"
50768,40768,"ELY",,,"Edgely","PA",,,"EDGELY, PENNSYLVANIA"
50769,40769,"EMY",,,"Edina","MN",,,"EDINA, MINNESOTA (RMC)"
50770,40770,"ELI",,,"Elizabeth","NJ",,,"ELIZABETH, NEW JERSEY"
50771,40771,"ELM",,,"Elmira","NY",,,"ELMIRA, NEW YORK"
50772,40772,"ELT",,,"Elmont","NY",,,"ELMONT, NEW YORK"
50773,40773,"ELP",,,"El Paso","TX",,,"EL PASO TEXAS"
50774,40774,"ENF",,,"Enfield","CT",,,"ENFIELD, CONNECTICUT"
50775,40775,"ECD",,,"Escondido","CA",,,"ESCONDIDO, CALIFORNIA"
50776,40776,"EUC",,,"Euclid","OH",,,"EUCLID, OHIO"
50777,40777,"EVA",,,"Evansville","IN",,,"EVANSVILLE, INDIANA"
50778,40778,"FFX",,,"Fairfax","VA",,,"FAIRFAX, VIRGINIA"
50779,40779,"FFD",,,"Fairfield","CA",,,"FAIRFIELD, CALIFORNIA"
50780,40780,"FAR",,,"Fairport","NY",,,"FAIRPORT, NEW YORK"
50781,40781,"FAI",,,"Fairview","NJ",,,"FAIRVIEW, NEW JERSEY"
50782,40782,"FEL",,,"Feltre",,,,"FELTRE, ITALY"
50783,40783,"FSH",,,"Fishersville","VA",,,"FISHERSVILLE, VIRGINIA"
50784,40784,"FLT",,,"Fletcher","OH",,,"FLETCHER, OHIO (ABP)"
50785,40785,"FMO",,,"Florissant","MO",,,"FLORISSANT, MISSOURI (ABP)"
50786,40786,"FLO",,,"Florrisant","MO",,,"FLORRISANT, MISSOURI"
50787,40787,"FRH",,,"Forest Hill","MD",,,"FOREST HILL, MARYLAND (ABP)"
50788,40788,"FTL",,,"Fort Lauderdale","FL",,,"FORT LAUDERDALE, FLORIDA"
50789,40789,"FTW",,,"Fort Wayne","IN",,,"FORT WAYNE, INDIANA"
50790,40790,"FWY",,,"Fort Worth","TX",,,"FORT WORTH, TX (RMC-FTWRTHCAN)"
50791,40791,"FOS",,,"Foster City","CA",,,"FOSTER CITY, CALIFORNIA"
50792,40792,"FRA",,,"Franklin","NC",,,"FRANKLIN, NORTH CAROLINA"
50793,40793,"FRT",,,"Fremont","CA",,,"FREMONT, CALIFORNIA"
50794,40794,"GAR",,,"Garden City","NY",,,"GARDEN CITY, LI, NEW YORK"
50795,40795,"GRL",,,"Garland","TX",,,"GARLAND, TEXAS"
50796,40796,"GET",,,"Gettysburg","PA",,,"GETTYSBURG, PENNSYLVANIA"
50797,40797,"GNY",,,"Gibbsboro","NJ",,,"GIBBSBORO, NEW JERSEY (RMC)"
50798,40798,"GRP",,,"Glen Rock","PA",,,"GLEN ROCK, PENNSYLVANIA"
50799,40799,"GOL",,,"Golden","CO",,,"GOLDEN, COLORADO"
50800,40800,"GTN",,,"Great Neck","NY",,,"GREAT NECK, NEW YORK"
50801,40801,"GNB",,,"Greenback","TN",,,"GREENBACK, TENNESSEE"
50802,40802,"GRT",,,"Greentree","PA",,,"GREENTREE, PENNSYLVANIA"
50803,40803,"GWC",,,"Greenwich","CT",,,"GREENWICH, CT (AIC)"
50804,40804,"GRN",,,"Grenoble",,,,"GRENOBLE, FRANCE"
50805,40805,"GIL",,,"Guilford","CT",,,"GUILFORD, CONNECTICUT"
50806,40806,"HMD",,,"Hamden","CT",,,"HAMDEN, CONNECTICUT"
50807,40807,"HML",,,"Hamilton","NJ",,,"HAMILTON, NEW JERSEY"
50808,40808,"HBC",,,"Harbor City","CA",,,"HARBOR CITY, CALIFORNIA"
50809,40809,"HAS",,,"Haslett","MI",,,"HASLETT, MICHIGAN"
50810,40810,"HAV",,,"Havertown","PA",,,"HAVERTOWN, PENNSYLVANIA"
50811,40811,"HLM",,,"Helena","MT",,,"HELENA, MONTANA"
50812,40812,"HER",,,"Hershey","PA",,,"HERSHEY, PENNSYLVANIA"
50813,40813,"HOG",,,"Hogansville","GA",,,"HOGANSVILLE, GEORGIA"
50814,40814,"HOY",,,"Holly","MI",,,"HOLLY, MICHIGAN"
50815,40815,"HOM",,,"Holmes","PA",,,"HOLMES, PENNSYLVANIA"
50816,40816,"HOK",,,"Hook",,,,"HOOK, ENGLAND"
50817,40817,"HST",,,"Houston","TX",,,"HOUSTON, TEXAS (NPCO)"
50818,40818,"HUY",,,"Houston","TX",,,"HOUSTON, TEXAS (RMC)"
50819,40819,"HBH",,,"Huber Heights","OH",,,"HUBER HEIGHTS, OHIO"
50820,40820,"HUD",,,"Hudson","OH",,,"HUDSON, OHIO"
50821,40821,"HTB",,,"Huntington Beach","CA",,,"HUNTINGTON BEACH, CALIFORNIA"
50822,40822,"HVY",,,"Hunt Valley","MD",,,"HUNT VALLEY, MARYLAND"
50823,40823,"INI",,,"Inglesias",,,,"INGLESIAS, ITALY"
50824,40824,"ING",,,"Inglewood","OH",,,"INGLEWOOD, OHIO"
50825,40825,"IWC",,,"Iowa City","IA",,,"IOWA CITY, IOWA"
50826,40826,"ISL",,,"Iselin","NJ",,,"ISELIN, NEW JERSEY"
50827,40827,"ICJ",,,"Iwakuni City",,,,"IWAKUNI CITY, JAPAN"
50828,40828,"JCK",,,"Jackson","MS",,,"JACKSON, MISSISSIPPI"
50829,40829,"DJA",,,"Jakarta",,,,"JAKARTA, INDONESIA"
50830,40830,"JEF",,,"Jeffersonville","IN",,,"JEFFERSONVILLE, INDIANA"
50831,40831,"JER",,,"Jersey City","NJ",,,"JERSEY CITY, NEW JERSEY"
50832,40832,"JON",,,"Jonquiere",,,,"JONQUIERE, QUEBEC, CANADA"
50833,40833,"JUP",,,"Jupiter","FL",,,"JUPITER, FLORIDA"
50834,40834,"KAL",,,"Kalamazoo","MI",,,"KALAMAZOO, MICHIGAN"
50835,40835,"KPS",,,"Kannapolis","NC",,,"KANNAPOLIS, NORTH CAROLINA"
50836,40836,"KAN",,,"Kansas City","KS",,,"KANSAS CITY, KANSAS"
50837,40837,"KNB",,,"Kennebunk","ME",,,"KENNEBUNK, MAINE"
50838,40838,"KRK",,,"Kerkrade",,,,"KERKRADE, THE NETHERLANDS"
50839,40839,"KVL",,,"Kerrville","TX",,,"KERRVILLE, TEXAS"
50840,40840,"KPR",,,"King Of Prussia","PA",,,"KING OF PRUSSIA, PENN"
50841,40841,"LKE",,,"Lake Elsinoe","CA",,,"LAKE ELSINOE, CALIFORNIA"
50842,40842,"LNO",,,"Lancaster","OH",,,"LANCASTER, OHIO"
50843,40843,"LAN",,,"Lancaster","PA",,,"LANCASTER, PENNSYLVANIA"
50844,40844,"LNV",,,"Lanesville","IN",,,"LANESVILLE, INDIANA"
50845,40845,"LND",,,"Lanham","MD",,,"LANHAM, MARYLAND"
50846,40846,"LAR",,,"Laramie","WY",,,"LARAMIE, WYOMING"
50847,40847,"LTN",,,"Lattingtown","NY",,,"LATTINGTOWN, NEW YORK"
50848,40848,"LAD",,,"Lauderdale Lakes","FL",,,"LAUDERDALE LAKES, FLORIDA"
50849,40849,"LNC",,,"Laurinburg","NC",,,"LAURINBURG, NORTH CAROLINA"
50850,40850,"LAW",,,"Lawrenceville","GA",,,"LAWRENCEVILLE, GEORGIA"
50851,40851,"LAY",,,"Layton","UT",,,"LAYTON, UTAH (ABP)"
50852,40852,"LBN",,,"Lebanon","IN",,,"LEBANON, IN"
50853,40853,"LBA",,,"Lebanon","TN",,,"LEBANON, TENNESSEE"
50854,40854,"LFH",,,"Lecreusot",,,,"LECREUSOT, FRANCE (HOWMET)"
50855,40855,"LEW",,,"Lewis","IN",,,"LEWIS, INDIANA"
50856,40856,"LWV",,,"Lewisville","NC",,,"LEWISVILLE, NORTH CAROLINA"
50857,40857,"LEV",,,"Lewisville","TX",,,"LEWISVILLE, TEXAS"
50858,40858,"LEX",,,"Lexington","MA",,,"LEXINGTON, MASSACHUSETTS (ABP)"
50859,40859,"LXT",,,"Lexington","MS",,,"LEXINGTON, MISSISSIPPI (ABP)"
50860,40860,"LNB",,,"Lincoln","NE",,,"LINCOLN, NEBRASKA"
50861,40861,"LCN",,,"Lincoln","RI",,,"LINCOLN, RHODE ISLAND(STOLE)"
50862,40862,"LRA",,,"Little Rock","AR",,,"LITTLE ROCK, ARKANSAS"
50863,40863,"LCY",,,"Littleton","CO",,,"LITTLETON, CO (SGS)"
50864,40864,"LIT",,,"Littleton","CO",,,"LITTLETON, COLORADO"
50865,40865,"LOC",,,"Lockland","OH",,,"LOCKLAND, OHIO"
50866,40866,"LOG",,,"Logans Ferry","PA",,,"LOGANS FERRY, PENNSYLVANIA"
50867,40867,"LGB",,,"Long Beach","CA",,,"LONG BEACH, CALIFORNIA"
50868,40868,"LIC",,,"Long Island City","NY",,,"LONG ISLAND CITY, NEW YORK"
50869,40869,"LSA",,,"Los Alamos","NM",,,"LOS ALAMOS, NEW MEXICO"
50870,40870,"LAX",,,"Los Angeles","CA",,,"LOS ANGELES,CALIFORNIA(ALUMAX)"
50871,40871,"LOU",,,"Louisville","KY",,,"LOUISVILLE, KENTUCKY"
50872,40872,"LZY",,,"Louisville","KY",,,"LOUISVILLE, KY (RMC-LVLE # 3)"
50873,40873,"LUB",,,"Lubbock","TX",,,"LUBBOCK, TEXAS"
50874,40874,"MDA",,,"Madeira Beach","FL",,,"MADEIRA BEACH, FLORIDA"
50875,40875,"MNN",,,"Manasquan","NJ",,,"MANASQUAN, NEW JERSEY"
50876,40876,"MAN",,,"Manlius","NY",,,"MANLIUS, NEW YORK"
50877,40877,"MVL",,,"Manvel","TX",,,"MANVEL, TEXAS"
50878,40878,"MCB",,,"Maracaibo",,,,"MARACAIBO, VENEZUELA"
50879,40879,"MAP",,,"Mars","PA",,,"MARS, PENNSYLVANIA"
50880,40880,"MAR",,,"Marshall","TX",,,"MARSHALL (SCOTTSVILLE, TEX"
50881,40881,"MNC",,,"Matthews","NC",,,"MATTHEWS, NORTH CAROLINA (ABP)"
50882,40882,"MME",,,"Maumee","OH",,,"MAUMEE, OHIO"
50883,40883,"MAU",,,"Maumelle","AZ",,,"MAUMELLE, ARIZONA"
50884,40884,"MWD",,,"Maywood","NJ",,,"MAYWOOD, NEW JERSEY"
50885,40885,"MCM",,,"Mc Murray","PA",,,"MC MURRAY, PENNSYLVANIA"
50886,40886,"MCF",,,"Mechanic Falls","ME",,,"MECHANIC FALLS, MAINE"
50887,40887,"MEC",,,"Mechanicsburg","PA",,,"MECHANICSBURG, PENNSYLVANIA"
50888,40888,"MLP",,,"Melrose Park","IL",,,"MELROSE PARK, ILLINOIS"
50889,40889,"MOP",,,"Menlo Park","CA",,,"MENLO PARK, CALIFORNIA"
50890,40890,"MEX",,,"Mexico City",,,,"MEXICO CITY, MEXICO"
50891,40891,"MIA",,,"Miami","FL",,,"MIAMI, FLORIDA"
50892,40892,"MDP",,,"Midland Park","NJ",,,"MIDLAND PARK, NEW JERSEY"
50893,40893,"MVY",,,"Midlothian","VA",,,"MIDLOTHIAN, VIRGINIA (RMC)"
50894,40894,"MLD",,,"Milford","CT",,,"MILFORD, CONNECTICUT (ABP)"
50895,40895,"MDV",,,"Milledgeville","GA",,,"MILLEDGEVILLE, GEORGIA"
50896,40896,"MIL",,,"Milwaukee","WI",,,"MILWAUKEE, WISCONSIN"
50897,40897,"MNT",,,"Minnetonka","MN",,,"MINNETONKA, MINNEAPOLIS"
50898,40898,"MIB",,,,,,,"MINORITY INTEREST BUSINESS"
50899,40899,"MTH",,,"Mint Hill","NC",,,"MINT HILL, NORTH CAROLINA"
50900,40900,"MIV",,,"Mission Viejo","CA",,,"MISSION VIEJO, CALIFORNIA"
50901,40901,"MOB",,,"Mobile","AL",,,"MOBILE, ALABAMA"
50902,40902,"MOK",,,"Moka",,,,"MOKA, JAPAN"
50903,40903,"MRO",,,"Monroeville",,,,"MONROEVILLE,PENNSYLVANIA (ABP)"
50904,40904,"MOV",,,"Monrovia","CA",,,"MONROVIA, CALIFORNIA"
50905,40905,"MGV",,,"Morganville","NJ",,,"MORGANVILLE, NEW JERSEY"
50906,40906,"MOT",,,"Morton","IL",,,"MORTON, ILLINOIS"
50907,40907,"MTV",,,"Mountain View","CA",,,"MOUNTAIN VIEW, CALIFORNIA"
50908,40908,"MLT",,,"Mountlake Terrace","WA",,,"MOUNTLAKE TERRACE, WASH"
50909,40909,"MTP",,,"Mt. Pleasant","SC",,,"MT. PLEASANT, SOUTH CAROLINA"
50910,40910,"MTC",,,"Mt Clemens","MI",,,"MT CLEMENS, MICHIGAN"
50911,40911,"MUN",,,"Munich",,,,"MUNICH, GERMANY"
50912,40912,"MHL",,,"Murray Hill","NJ",,,"MURRAY HILL, NEW JERSEY"
50913,40913,"M1Y",,,"Muscle Shoals","AL",,,"MUSCLE SHOALS,ALABAMA(ALA REC)"
50914,40914,"NAN",,,"Nantahala","NC",,,"NANTAHALA, NORTH CAROLINA"
50915,40915,"NPC",,,"Napa","CA",,,"NAPA, CALIFORNIA"
50916,40916,"NTK",,,"Natick","MA",,,"NATICK, MASSACHUSETTS (ABP)"
50917,40917,"NKC",,,"Newark","CA",,,"NEWARK, CALIFORNIA"
50918,40918,"NEW",,,"Newark","NJ",,,"NEWARK, NEW JERSEY"
50919,40919,"NCN",,,"New Canaan","CT",,,"NEW CANAAN, CONNECTICUT"
50920,40920,"NWC",,,"New Castle","IN",,,"NEW CASTLE, INDIANA"
50921,40921,"NMD",,,"New Madrid","MO",,,"NEW MADRID, MISSOURI"
50922,40922,"NPR",,,"Newport Richey","FL",,,"NEWPORT RICHEY, FLORIDA"
50923,40923,"NVE",,,"New Vienna","OH",,,"NEW VIENNA, OHIO"
50924,40924,"NRB",,,"Normandy Beach","NJ",,,"NORMANDY BEACH, NEW JERSEY"
50925,40925,"NBM",,,"North Bellmore","NY",,,"NORTH BELLMORE, NEW YORK"
50926,40926,"NHV",,,"North Haven","CT",,,"NORTH HAVEN, CONNECTICUT"
50927,40927,"NTL",,,"Northlake","IL",,,"NORTHLAKE, ILLINOIS"
50928,40928,"NMT",,,"North Manheim Township","PA",,,"NORTH MANHEIM TOWNSHIP, PA"
50929,40929,"NMP",,,"North Massapequa","NY",,,"NORTH MASSAPEQUA, NEW YORK"
50930,40930,"NOL",,,"North Olmsted","OH",,,"NORTH OLMSTED, OHIO"
50931,40931,"OKI",,,"Oaklawn","IL",,,"OAKLAWN, ILLINOIS"
50932,40932,"OKL",,,"Oklahoma City","OK",,,"OKLAHOMA CITY, OKLAHOMA"
50933,40933,"OLF",,,"Old Forge","PA",,,"OLD FORGE, PENNSYLVANIA"
50934,40934,"OHT",,,"Old Hickory","TN",,,"OLD HICKORY, TENNESSEE"
50935,40935,"OLY",,,"Old Lyme","CT",,,"OLD LYME, CONNECTICUT"
50936,40936,"OLE",,,"Olean","NY",,,"OLEAN, NEW YORK"
50937,40937,"OMH",,,"Omaha","NE",,,"OMAHA, NEBRASKA"
50938,40938,"ORI",,,"Orinda","CA",,,"ORINDA, CALIFORNIA"
50939,40939,"ORD",,,"Orlando","FL",,,"ORLANDO, FLORIDA"
50940,40940,"ORY",,,"Orlando","FL",,,"ORLANDO, FLORIDA (RMC)"
50941,40941,"OVE",,,"Overland","MO",,,"OVERLAND, MISSOURI"
50942,40942,"OKY",,,"Overland Park","KS",,,"OVERLAND PARK, KANSAS (RMC)"
50943,40943,"OXF",,,"Oxford","OH",,,"OXFORD, OHIO"
50944,40944,"OXN",,,"Oxnard","CA",,,"OXNARD, CALIFORNIA"
50945,40945,"PAL",,,"Palatine","IL",,,"PALATINE, ILLINOIS"
50946,40946,"PAD",,,"Paradise Point","VA",,,"PARADISE POINT, VIRGINIA"
50947,40947,"PKC",,,"Park City","UT",,,"PARK CITY, UTAH"
50948,40948,"PMH",,,"Parma Heights","OH",,,"PARMA HEIGHTS, OHIO"
50949,40949,"PSY",,,"Parsippany","NJ",,,"PARSIPPANY, NEW JERSEY (RMC)"
50950,40950,"PSP",,,"Parsippany","NJ",,,"PARSIPPANY NEW JERSEY"
50951,40951,"PTX",,,"Pasadena","TX",,,"PASADENA, TEXAS"
50952,40952,"PEO",,,"Peoria","IL",,,"PEORIA, ILLINOIS"
50953,40953,"PHV",,,"Phoenixville","PA",,,"PHOENIXVILLE, PENNSYLVANIA"
50954,40954,"PND",,,"Pindamonhangaba",,,,"PINDAMONHANGABA, BRAZIL"
50955,40955,"PLO",,,"Plano","TX",,,"PLANO, TEXAS"
50956,40956,"PLY",,,"Plymouth","IN",,,"PLYMOUTH, INDIANA (ABP)"
50957,40957,"POT",,,"Pottstown","PA",,,"POTTSTOWN, PENNSYLVANIA"
50958,40958,"RAC",,,"Racine","WI",,,"RACINE, WISCONSIN"
50959,40959,"RNT",,,"Rantoul","IL",,,"RANTOUL, ILLINOIS"
50960,40960,"RYD",,,"Raymond","NH",,,"RAYMOND, NEW HAMPSHIRE"
50961,40961,"RDM",,,"Redmond","WA",,,"REDMOND, WASHINGTON"
50962,40962,"REO",,,"Reno","NV",,,"RENO, NEVADA"
50963,40963,"REN",,,"Renton","WA",,,"RENTON, WASHINGTON"
50964,40964,"ZRT",,,"Rexdale",,,,"REXDALE, TORONTO, ONTARIO"
50965,40965,"RHS",,,"Richardson","TX",,,"RICHARDSON, TEXAS"
50966,40966,"RID",,,"Ridgefield","CT",,,"RIDGEFIELD, CONNECTICUT"
50967,40967,"RIP",,,"Ripley","MS",,,"RIPLEY, MISSISSIPPI"
50968,40968,"RVS",,,"Riverside","CA",,,"RIVERSIDE, CALIFORNIA"
50969,40969,"ROB",,,"Robbinsville","NC",,,"ROBBINSVILLE, NORTH CAROLINA"
50970,40970,"RFD",,,"Rockford","IL",,,"ROCKFORD, ILLINOIS"
50971,40971,"RKI",,,"Rock Island","IL",,,"ROCK ISLAND, ILLINOIS"
50972,40972,"ROV",,,"Rockville","MD",,,"ROCKVILLE, MARYLAND"
50973,40973,"RKR",,,"Rocky River","OH",,,"ROCKY RIVER, OHIO"
50974,40974,"RSV",,,"Roseville","MN",,,"ROSEVILLE, MINNESOTA"
50975,40975,"ROW",,,"Roswell","GA",,,"ROSWELL, GEORGIA"
50976,40976,"RLT",,,"Rowlett","TX",,,"ROWLETT, TEXAS"
50977,40977,"SAS",,,"Sabinanigo",,,,"SABINANIGO, SPAIN"
50978,40978,"SDL",,,"Saint Denis La Plaine",,,,"SAINT DENIS LA PLAINE, FRANCE"
50979,40979,"SAL",,,"Salem","MA",,,"SALEM, MASSACHUSETTS"
50980,40980,"SLM",,,"Salem","OH",,,"SALEM, OHIO"
50981,40981,"SDI",,,"San Diego","CA",,,"SAN DIEGO, CALIFORNIA"
50982,40982,"SAN",,,"Sangaredi",,,,"SANGAREDI, REP OF GUINEA"
50983,40983,"SCR",,,"San Jose",,,,"SAN JOSE, COSTA RICA"
50984,40984,"SMA",,,"San Mateo","CA",,,"SAN MATEO, CALIFORNIA"
50985,40985,"SPC",,,"San Pablo","CA",,,"SAN PABLO, CALIFORNIA"
50986,40986,"SCA",,,"San Salvador",,,,"SAN SALVADOR, EL SALVADOR,CA"
50987,40987,"SNA",,,"Santa Ana","CA",,,"SANTA ANA, CALIFORNIA"
50988,40988,"SFE",,,"Santa Fe","NM",,,"SANTA FE, NEW MEXICO"
50989,40989,"SFS",,,"Santa Fe Springs","CA",,,"SANTA FE SPRINGS, CALIFORNIA"
50990,40990,"DOM",,,"Santo Domingo",,,,"SANTO DOMINGO, DOMINICAN REP"
50991,40991,"SAR",,,"Saratoga Springs","NY",,,"SARATOGA SPRINGS, NEW YORK"
50992,40992,"SAU",,,"Sausalito","CA",,,"SAUSALITO, CALIFORNIA"
50993,40993,"SRV",,,"Sayreville","NJ",,,"SAYREVILLE, NEW JERSEY"
50994,40994,"SCD",,,"Scarsdale","NY",,,"SCARSDALE, NEW YORK"
50995,40995,"SCH",,,"Schenectady","NY",,,"SCHENECTADY, NEW YORK"
50996,40996,"STD",,,"Scottsdale","AZ",,,"SCOTTSDALE, ARIZONA"
50997,40997,"SEB",,,"Sebree","KY",,,"SEBREE, KENTUCKY"
50998,40998,"SGB",,,"Sgt Bluff","IA",,,"SGT BLUFF, IOWA"
50999,40999,"SHF",,,"Sheffield","OH",,,"SHEFFIELD, OHIO"
51000,41000,"SIC",,,"Sicklerville","NJ",,,"SICKLERVILLE, NEW JERSEY (ABP)"
51001,41001,"SMD",,,"Silver Hill","MD",,,"SILVER HILL, MARYLAND"
51002,41002,"SGA",,,"Smyrna","GA",,,"SMYRNA, GEORGIA"
51003,41003,"SOM",,,"Somerville","NJ",,,"SOMERVILLE, NEW JERSEY"
51004,41004,"SBE",,,"South Bend","IN",,,"SOUTH BEND, INDIANA"
51005,41005,"SBR",,,"South Burlington","VT",,,"SOUTH BURLINGTON, VERMONT"
51006,41006,"SDN",,,"South Dayton","NY",,,"SOUTH DAYTON, NEW YORK"
51007,41007,"SWH",,,"South Windham","ME",,,"SOUTH WINDHAM, MAINE"
51008,41008,"SPI",,,"Spindale","NC",,,"SPINDALE, NORTH CAROLINA"
51009,41009,"SPO",,,"Spokane","WA",,,"SPOKANE, WASHINGTON"
51010,41010,"SPU",,,"Springville","UT",,,"SPRINGVILLE, UTAH"
51011,41011,"SMY",,,"St. Mary","PA",,,"ST. MARY, PENNSYLVANIA"
51012,41012,"STA",,,"Stanley County","NC",,,"STANLEY COUNTY, NC"
51013,41013,"STC",,,"St Charles","MO",,,"ST CHARLES, MISSOURI"
51014,41014,"STE",,,"Stewartsville","NJ",,,"STEWARTSVILLE, NEW JERSEY(ABP)"
51015,41015,"SJM",,,"St James","NY",,,"ST JAMES, NEW YORK"
51016,41016,"STL",,,"St Louis","MO",,,"ST LOUIS, MISSOURI"
51017,41017,"STW",,,"Strafford-Wayne","PA",,,"STRAFFORD-WAYNE, PENN"
51018,41018,"ZSO",,,"Stribro",,,,"STRIBRO (AFL)"
51019,41019,"STB",,,"Sturgeon Bay","WI",,,"STURGEON BAY, WISCONSIN"
51020,41020,"SMS",,,"Summerset","NJ",,,"SUMMERSET, NEW JERSEY"
51021,41021,"SXY",,,"Suwanee","GA",,,"SUWANEE, GA (SGS)"
51022,41022,"SYD",,,"Sydney",,,,"SYDNEY, NSW, AUSTRALIA"
51023,41023,"SYL",,,"Sylva","NC",,,"SYLVA, NORTH CAROLINA"
51024,41024,"SYV",,,"Sylvania","OH",,,"SYLVANIA, OHIO"
51025,41025,"TAC",,,"Tacoma","WA",,,"TACOMA, WASHINGTON"
51026,41026,"TAH",,,"Tahlequah","OK",,,"TAHLEQUAH, OKLAHOMA"
51027,41027,"TAM",,,"Tampa","FL",,,"TAMPA, FLORIDA"
51028,41028,"TAR",,,"Tarbas",,,,"TARBAS, FRANCE"
51029,41029,"TAY",,,"Taylor","MI",,,"TAYLOR, MICHIGAN"
51030,41030,"TEN",,,"Tennafly","NJ",,,"TENNAFLY, NEW JERSEY"
51031,41031,"THA",,,"Thayne","WY",,,"THAYNE, WYOMING"
51032,41032,"TWD",,,"The Woodland","TX",,,"THE WOODLAND, TEXAS (ABP)"
51033,41033,"TOL",,,"Toledo","OH",,,"TOLEDO, OHIO"
51034,41034,"TOP",,,"Topton","NC",,,"TOPTON, NORTH CAROLINA"
51035,41035,"TQY",,,"Trois-Rivieres",,,,"TROIS-RIVIERES, QUEBEC (RMC)"
51036,41036,"TUC",,,"Tuckasegee","NC",,,"TUCKASEGEE, NORTH CAROLINA"
51037,41037,"TYR",,,"Tyrone","PA",,,"TYRONE, PENNSYLVANIA"
51038,41038,"CAM",,,"Upper Marlboro","MD",,,"UPPER MARLBORO, MARYLAND"
51039,41039,"UTI",,,"Utica","NY",,,"UTICA, NEW YORK"
51040,41040,"VHA",,,"Valhalla","NY",,,"VALHALLA, NEW YORK"
51041,41041,"VAL",,,"Valleyfield",,,,"VALLEYFIELD, QUEBEC, CANADA"
51042,41042,"VLR",,,"Valrico","FL",,,"VALRICO, FLORIDA (ABP)"
51043,41043,"VRZ",,,"Veracruz",,,,"VERACRUZ, MEXICO"
51044,41044,"VEN",,,"Vernon","CA",,,"VERNON, CA. EXTB"
51045,41045,"VRN",,,"Vernon","CT",,,"VERNON, CONNECTICUT(STOLLE)"
51046,41046,"VIC",,,"Victoria",,,,"VICTORIA, AUSTRALIA"
51047,41047,"VNA",,,"Vienna",,,,"VIENNA, AUSTRIA"
51048,41048,"VIN",,,"Vineland","NJ",,,"VINELAND, NEW JERSEY"
51049,41049,"WGT",,,"Wagontown","PA",,,"WAGONTOWN, PENNSYLVANIA"
51050,41050,"WRD",,,"Warrendale","PA",,,"WARRENDALE, PA"
51051,41051,"WVH",,,"Warrensville, Hts","OH",,,"WARRENSVILLE, HTS, OHIO"
51052,41052,"WAW",,,"Warwick",,,,"WARWICK, ENGLAND"
51053,41053,"WRI",,,"Warwick","RI",,,"WARWICK, RHODE ISLAND"
51054,41054,"WPA",,,"Washington","PA",,,"WASHINGTON, PENNSYLVANIA"
51055,41055,"WAK",,,"Waukesha","WI",,,"WAUKESHA, WISCONSIN"
51056,41056,"WAV",,,"Waveland","IN",,,"WAVELAND, INDIANA"
51057,41057,"WMY",,,"Wellesley","MA",,,"WELLESLEY, MASSACHUSETTS (RMC)"
51058,41058,"WEL",,,"Wellesley Hills","MA",,,"WELLESLEY HILLS, MASS"
51059,41059,"WSC",,,"West Chester","PA",,,"WEST CHESTER,PENNSYLVANIA(ABP)"
51060,41060,"WCV",,,"West Covina","CA",,,"WEST COVINA, CALIFORNIA"
51061,41061,"WAO",,,,,,,"WESTERN AUSTRALIA HDQTS"
51062,41062,"WHA",,,"West Hartford","CT",,,"WEST HARTFORD, CONNECTICUT"
51063,41063,"WLV",,,"Westlake Village","CA",,,"WESTLAKE VILLAGE, CALIF"
51064,41064,"WFC",,,"Wethersfield","CT",,,"WETHERSFIELD,CONNECTICUT"
51065,41065,"WHE",,,"Wheaton","MD",,,"WHEATON, MARYLAND"
51066,41066,"WFB",,,"Whitefish Bay","WI",,,"WHITEFISH BAY, WISCONSIN"
51067,41067,"WHI",,,"White Plains","NY",,,"WHITE PLAINS, NEW YORK"
51068,41068,"WIC",,,"Wichita","KS",,,"WICHITA, KANSAS"
51069,41069,"WMS",,,"Williamsville","NY",,,"WILLIAMSVILLE, NEW YORK"
51070,41070,"WLG",,,"Willow Grove","PA",,,"WILLOW GROVE, PENNSYLVANIA"
51071,41071,"WLM",,,"Wilmington","CA",,,"WILMINGTON, CALIFORNIA"
51072,41072,"WLT",,,"Wilton","CT",,,"WILTON, CONNECTICUT"
51073,41073,"WIN",,,"Winston-Salem","NC",,,"WINSTON-SALEM, N C"
51074,41074,"WOL",,,"Wollaston","MA",,,"WOLLASTON, MASSACHUSETTS"
51075,41075,"WDB",,,"Woodbury","NJ",,,"WOODBURY, NEW JERSEY"
51076,41076,"WOD",,,"Woodstock","GA",,,"WOODSTOCK, GEORGIA (ABP)"
51077,41077,"YOR",,,"York","PA",,,"YORK, PENNSYLVANIA"
51078,41078,"YTH",,,"Yorktown Heights","NY",,,"YORKTOWN HEIGHTS, NEW YORK"
51079,41079,"YOU",,,"Youngstown","OH",,,"YOUNGSTOWN, OHIO"
